-- phpMyAdmin SQL Dump
-- version 4.8.0.1
-- https://www.phpmyadmin.net/
--
-- Host: 127.0.0.1
-- Generation Time: Nov 10, 2018 at 09:46 PM
-- Server version: 10.1.32-MariaDB
-- PHP Version: 7.1.17

SET SQL_MODE = "NO_AUTO_VALUE_ON_ZERO";
SET AUTOCOMMIT = 0;
START TRANSACTION;
SET time_zone = "+00:00";


/*!40101 SET @OLD_CHARACTER_SET_CLIENT=@@CHARACTER_SET_CLIENT */;
/*!40101 SET @OLD_CHARACTER_SET_RESULTS=@@CHARACTER_SET_RESULTS */;
/*!40101 SET @OLD_COLLATION_CONNECTION=@@COLLATION_CONNECTION */;
/*!40101 SET NAMES utf8mb4 */;

--
-- Database: `eapi`
--

-- --------------------------------------------------------

--
-- Table structure for table `migrations`
--

CREATE TABLE `migrations` (
  `id` int(10) UNSIGNED NOT NULL,
  `migration` varchar(191) COLLATE utf8mb4_unicode_ci NOT NULL,
  `batch` int(11) NOT NULL
) ENGINE=InnoDB DEFAULT CHARSET=utf8mb4 COLLATE=utf8mb4_unicode_ci;

--
-- Dumping data for table `migrations`
--

INSERT INTO `migrations` (`id`, `migration`, `batch`) VALUES
(1, '2014_10_12_000000_create_users_table', 1),
(2, '2014_10_12_100000_create_password_resets_table', 1),
(3, '2018_11_02_163437_create_products_table', 1),
(4, '2018_11_02_163534_create_reviews_table', 1);

-- --------------------------------------------------------

--
-- Table structure for table `password_resets`
--

CREATE TABLE `password_resets` (
  `email` varchar(191) COLLATE utf8mb4_unicode_ci NOT NULL,
  `token` varchar(191) COLLATE utf8mb4_unicode_ci NOT NULL,
  `created_at` timestamp NULL DEFAULT NULL
) ENGINE=InnoDB DEFAULT CHARSET=utf8mb4 COLLATE=utf8mb4_unicode_ci;

-- --------------------------------------------------------

--
-- Table structure for table `products`
--

CREATE TABLE `products` (
  `id` int(10) UNSIGNED NOT NULL,
  `name` varchar(191) COLLATE utf8mb4_unicode_ci NOT NULL,
  `detail` text COLLATE utf8mb4_unicode_ci NOT NULL,
  `price` int(11) NOT NULL,
  `stock` int(11) NOT NULL,
  `discount` int(11) NOT NULL,
  `created_at` timestamp NULL DEFAULT NULL,
  `updated_at` timestamp NULL DEFAULT NULL
) ENGINE=InnoDB DEFAULT CHARSET=utf8mb4 COLLATE=utf8mb4_unicode_ci;

--
-- Dumping data for table `products`
--

INSERT INTO `products` (`id`, `name`, `detail`, `price`, `stock`, `discount`, `created_at`, `updated_at`) VALUES
(1, 'nam', 'Commodi quos et molestiae aspernatur eveniet. Facere eligendi veritatis est aliquam aut non ex. Unde maiores ea et aspernatur voluptate. Sint asperiores nisi quos cum dolor eius.', 673, 1, 13, '2018-11-10 19:34:40', '2018-11-10 19:34:40'),
(2, 'sed', 'Modi expedita dolores quis qui expedita est. Adipisci quis impedit dolores nulla non ut repellendus. Dolorum facere saepe eum esse in facere incidunt quisquam.', 669, 6, 20, '2018-11-10 19:34:41', '2018-11-10 19:34:41'),
(3, 'unde', 'Iusto et quo sint est voluptatum sint hic. Voluptatibus et officia ipsum sint reprehenderit inventore. Qui est fuga ut laudantium atque.', 874, 0, 5, '2018-11-10 19:34:41', '2018-11-10 19:34:41'),
(4, 'facere', 'Consequuntur dolor architecto aut aperiam occaecati totam iusto est. Cum ipsum facere tenetur ut animi. Iusto impedit sint quia voluptates. Animi nihil asperiores enim maiores.', 967, 6, 10, '2018-11-10 19:34:41', '2018-11-10 19:34:41'),
(5, 'non', 'Voluptates adipisci perspiciatis blanditiis nam sed consequatur fugiat. Officia quae nisi occaecati autem. Fugit praesentium omnis et est deleniti.', 811, 7, 14, '2018-11-10 19:34:41', '2018-11-10 19:34:41'),
(6, 'amet', 'Quo amet rem illo id mollitia accusamus dicta accusamus. Et repellendus qui doloribus eos nisi sed voluptas. Eos sed est rerum sit possimus in.', 169, 0, 5, '2018-11-10 19:34:41', '2018-11-10 19:34:41'),
(7, 'placeat', 'Quam doloribus soluta commodi. Reprehenderit amet iusto ad non aut. Deleniti fuga perspiciatis amet animi ratione et deleniti.', 782, 3, 10, '2018-11-10 19:34:41', '2018-11-10 19:34:41'),
(8, 'vitae', 'Voluptas placeat sed veniam dolores qui occaecati. Id quae repellat numquam maxime est assumenda. Laboriosam est voluptatem omnis ab dicta corporis consequatur. Reprehenderit quis in soluta enim rerum et.', 888, 7, 3, '2018-11-10 19:34:41', '2018-11-10 19:34:41'),
(9, 'dolorem', 'Aut eligendi totam et dolores eligendi dolor sed. Expedita dignissimos sit atque dolorem quia suscipit. Eveniet qui laudantium aut tenetur.', 831, 9, 17, '2018-11-10 19:34:41', '2018-11-10 19:34:41'),
(10, 'minima', 'Sed explicabo ex praesentium. Exercitationem sunt incidunt assumenda omnis. Ullam velit perspiciatis aut consectetur.', 366, 6, 13, '2018-11-10 19:34:41', '2018-11-10 19:34:41'),
(11, 'suscipit', 'Officia quod exercitationem doloremque animi. Est sunt id officia ullam aut tempore ut. Est beatae vel sit ducimus. Culpa ducimus vel unde laborum sit velit sunt dolor.', 929, 9, 9, '2018-11-10 19:34:41', '2018-11-10 19:34:41'),
(12, 'et', 'Minima repudiandae quos quod adipisci rem qui aut. Officiis nobis amet ex rerum dolore itaque possimus. Quo sit ut dolore accusantium beatae distinctio eos molestiae. Provident perspiciatis enim nesciunt adipisci sequi vitae quia.', 948, 1, 13, '2018-11-10 19:34:41', '2018-11-10 19:34:41'),
(13, 'quod', 'Adipisci nulla non dignissimos vero omnis corporis qui. Rerum temporibus blanditiis in deleniti qui est quas. Odit culpa tempora quod eaque et error ut. Adipisci aut voluptas enim non accusantium rerum.', 899, 5, 14, '2018-11-10 19:34:41', '2018-11-10 19:34:41'),
(14, 'voluptates', 'In veniam quia adipisci id error. Est voluptatem quam voluptas nemo aut. Ut aut cupiditate eaque id molestiae similique ea. Molestiae et debitis debitis.', 351, 5, 29, '2018-11-10 19:34:41', '2018-11-10 19:34:41'),
(15, 'vel', 'Dolores consequatur odit doloremque sit dicta asperiores. Eius quia ut sit dolore voluptatem. Illo voluptas amet dolore sequi error nobis et.', 590, 5, 10, '2018-11-10 19:34:41', '2018-11-10 19:34:41'),
(16, 'beatae', 'Est quia sunt totam ea est voluptatem. Eos deserunt consequatur vel in nihil voluptatibus.', 153, 8, 24, '2018-11-10 19:34:41', '2018-11-10 19:34:41'),
(17, 'dolores', 'Tempore dolor necessitatibus non accusantium. Animi nemo reiciendis consequatur deserunt inventore consequatur. Nobis ut voluptas ea quis. Est sed et quae minus.', 593, 3, 10, '2018-11-10 19:34:41', '2018-11-10 19:34:41'),
(18, 'tempora', 'Necessitatibus sed odit praesentium suscipit. Voluptas autem quia reiciendis. Maiores velit ea est dolorem. Sit rerum et inventore exercitationem.', 943, 6, 4, '2018-11-10 19:34:41', '2018-11-10 19:34:41'),
(19, 'quas', 'Et facilis minima aut dolorem. Iste placeat fugit dolor et et magnam et. Tenetur modi accusantium vero voluptatem ut.', 827, 8, 2, '2018-11-10 19:34:41', '2018-11-10 19:34:41'),
(20, 'dicta', 'Sed quae ea libero blanditiis eos sequi accusamus. Sed occaecati at accusantium expedita hic velit. Pariatur est non consectetur eius qui ipsum porro. Quisquam sed qui perferendis libero non.', 836, 7, 19, '2018-11-10 19:34:41', '2018-11-10 19:34:41'),
(21, 'suscipit', 'Est aut nemo cumque libero ut. Placeat quis veniam consequatur quae itaque cum. Et eius qui consequatur sint. Esse velit commodi fugiat veritatis architecto voluptatem.', 551, 5, 8, '2018-11-10 19:34:41', '2018-11-10 19:34:41'),
(22, 'ut', 'Voluptas maxime vitae et reiciendis. Qui doloribus tenetur nihil consectetur aspernatur dolorum dolorem. Sit voluptates velit eligendi quas sint commodi. Cum recusandae vero sed. Aut similique odit accusantium veniam voluptatem officia magnam.', 496, 2, 3, '2018-11-10 19:34:41', '2018-11-10 19:34:41'),
(23, 'debitis', 'Est omnis ea pariatur aut consequatur ut eligendi. Nobis optio doloremque ratione. Iusto quos in quia et quidem cumque explicabo.', 983, 1, 17, '2018-11-10 19:34:41', '2018-11-10 19:34:41'),
(24, 'labore', 'Quibusdam dolores neque modi modi earum consectetur officia. Asperiores deserunt explicabo at est voluptatem. Ut minima ut laborum porro quam corrupti non. Quas dolor enim ex a et deserunt omnis.', 977, 5, 28, '2018-11-10 19:34:41', '2018-11-10 19:34:41'),
(25, 'quia', 'Esse earum aperiam sed sit eos aut. Quia eaque quis sit ducimus. Similique non odit adipisci deserunt quibusdam sit tenetur.', 212, 1, 10, '2018-11-10 19:34:41', '2018-11-10 19:34:41'),
(26, 'sed', 'Hic iure aut quidem. Dolore sed accusamus illo rerum similique accusantium veniam. Et hic nihil rerum sint.', 810, 9, 21, '2018-11-10 19:34:41', '2018-11-10 19:34:41'),
(27, 'dolores', 'Ipsum accusamus alias maiores ipsam excepturi sequi. Necessitatibus fuga et reprehenderit et perspiciatis nulla commodi. Aliquam atque corrupti repellendus quia voluptatem optio. Non quia dolor vel.', 210, 8, 15, '2018-11-10 19:34:41', '2018-11-10 19:34:41'),
(28, 'voluptate', 'Voluptatum aut recusandae soluta tenetur quod ut sequi. Qui aut esse et aut quaerat. Illum hic enim voluptas ea.', 815, 4, 24, '2018-11-10 19:34:41', '2018-11-10 19:34:41'),
(29, 'vel', 'Enim doloribus consequatur quis qui corrupti. Sit consequuntur nostrum qui voluptatem dolor dolor aliquam.', 908, 9, 6, '2018-11-10 19:34:42', '2018-11-10 19:34:42'),
(30, 'quia', 'Sunt aperiam nam autem repudiandae dolor. Ab quam eveniet aut non exercitationem sed et.', 398, 2, 20, '2018-11-10 19:34:42', '2018-11-10 19:34:42'),
(31, 'eum', 'Quae est sint nam repellendus porro. Hic autem sit quis id labore. Deserunt doloribus iste voluptatem corrupti velit qui.', 611, 2, 21, '2018-11-10 19:34:42', '2018-11-10 19:34:42'),
(32, 'facere', 'Omnis neque perspiciatis cupiditate vel magni dolores. Molestiae beatae quis modi amet non consequuntur incidunt. Voluptas sunt ipsam quam quasi ut non. Veritatis dolor corporis voluptatem molestiae.', 825, 6, 11, '2018-11-10 19:34:42', '2018-11-10 19:34:42'),
(33, 'assumenda', 'Sint quia voluptas eaque quia porro illum. Aspernatur quia pariatur velit asperiores placeat repudiandae ex. Possimus corrupti voluptas ut mollitia. Nulla in dignissimos rem distinctio.', 180, 0, 27, '2018-11-10 19:34:42', '2018-11-10 19:34:42'),
(34, 'dolorem', 'Eum sequi suscipit qui nihil voluptatem natus. Tempora distinctio architecto veniam voluptas quas nesciunt. Tenetur molestias qui aliquid qui cumque.', 837, 9, 15, '2018-11-10 19:34:42', '2018-11-10 19:34:42'),
(35, 'ipsam', 'Voluptatem earum non dolores quidem fugit sunt nam. Ratione ipsam sit rem quae. Aut ipsam quia cum dolore qui tempora dolores dolor.', 907, 7, 25, '2018-11-10 19:34:42', '2018-11-10 19:34:42'),
(36, 'illo', 'Ut consectetur architecto consequatur aperiam ullam quis vitae voluptates. Quos et reiciendis et omnis nulla suscipit odio. Ut et nesciunt accusamus aperiam rerum. Exercitationem quis fugit asperiores unde blanditiis et.', 404, 4, 21, '2018-11-10 19:34:42', '2018-11-10 19:34:42'),
(37, 'quos', 'Dolore repellendus modi doloribus quos. Iure quo unde deserunt nihil autem rerum. Quisquam ut quisquam accusantium dolorem aut ut dignissimos. Eius laboriosam tenetur molestias omnis.', 773, 0, 29, '2018-11-10 19:34:42', '2018-11-10 19:34:42'),
(38, 'minima', 'Nesciunt architecto quia mollitia aspernatur tenetur reiciendis. Amet distinctio modi sit laborum molestiae error illum. Qui eum distinctio quae assumenda numquam id. Sapiente distinctio sed suscipit nisi nesciunt qui excepturi.', 753, 1, 4, '2018-11-10 19:34:42', '2018-11-10 19:34:42'),
(39, 'quo', 'Qui tempora eum cumque nulla occaecati ullam veniam. Est sapiente id illo placeat error repellendus sapiente. Animi quis doloremque et optio voluptatem totam et.', 720, 6, 22, '2018-11-10 19:34:42', '2018-11-10 19:34:42'),
(40, 'in', 'Eveniet ut a ut architecto velit. Voluptatem laboriosam id exercitationem enim cumque. Ad quisquam vero maxime necessitatibus.', 204, 8, 30, '2018-11-10 19:34:42', '2018-11-10 19:34:42'),
(41, 'doloribus', 'Soluta officia et aperiam possimus qui. Et qui quibusdam in consequuntur. Nulla quidem debitis eaque vel.', 210, 2, 7, '2018-11-10 19:34:42', '2018-11-10 19:34:42'),
(42, 'explicabo', 'Qui omnis id modi qui aut deleniti recusandae qui. Deserunt consequuntur est unde velit voluptatibus sint explicabo ut. Porro nisi dolorem quas voluptatem. Tempora hic blanditiis est perferendis.', 399, 9, 3, '2018-11-10 19:34:42', '2018-11-10 19:34:42'),
(43, 'consequatur', 'Soluta assumenda doloribus earum assumenda molestiae voluptatibus. Magni suscipit qui quidem saepe incidunt dolorum praesentium nisi. Minus quis nemo deleniti iste.', 842, 3, 14, '2018-11-10 19:34:42', '2018-11-10 19:34:42'),
(44, 'velit', 'Culpa magni quod animi sint omnis aut. Quidem quos autem delectus aliquam sed. Est autem expedita assumenda impedit et omnis. Et quia quaerat accusamus ea repellendus.', 270, 6, 29, '2018-11-10 19:34:42', '2018-11-10 19:34:42'),
(45, 'culpa', 'Molestias sunt voluptatum laboriosam itaque facilis qui. Eligendi qui totam possimus dicta labore quod. Illo qui fuga accusamus sapiente voluptates iure doloremque. Officiis repudiandae rerum iure a.', 422, 9, 2, '2018-11-10 19:34:42', '2018-11-10 19:34:42'),
(46, 'est', 'Blanditiis accusantium distinctio aperiam aut in accusamus ea. Porro voluptas voluptas veniam praesentium dolores vitae officiis. Dolor quo autem libero sit tempora.', 554, 6, 22, '2018-11-10 19:34:42', '2018-11-10 19:34:42'),
(47, 'maxime', 'Odit quis ad occaecati nisi exercitationem et alias qui. Saepe ex voluptas molestiae aut blanditiis nam consequatur. Ad ea ut minima vero est. Ex et reprehenderit porro possimus.', 862, 7, 2, '2018-11-10 19:34:42', '2018-11-10 19:34:42'),
(48, 'consequatur', 'Et ea saepe aut. Dolorum aperiam sequi amet. Exercitationem nam commodi fuga ipsam nobis consectetur. Quas impedit ipsa nesciunt.', 146, 8, 7, '2018-11-10 19:34:42', '2018-11-10 19:34:42'),
(49, 'ad', 'Sit adipisci voluptates id fugiat occaecati laudantium voluptas odit. Qui fuga nihil accusamus et. Odit recusandae ipsa quo laudantium tempore quam. Id aperiam ducimus ducimus. Ex temporibus sapiente nobis cum perspiciatis tempora.', 876, 1, 18, '2018-11-10 19:34:42', '2018-11-10 19:34:42'),
(50, 'eaque', 'Omnis est minima molestiae aut cum qui voluptatum. Quasi rerum facere rem officia accusantium nisi recusandae pariatur. Qui atque amet sint minima eum porro. Reprehenderit temporibus ut pariatur voluptas eos. Suscipit consequatur veritatis qui aut voluptas culpa repellendus.', 403, 3, 23, '2018-11-10 19:34:42', '2018-11-10 19:34:42');

-- --------------------------------------------------------

--
-- Table structure for table `reviews`
--

CREATE TABLE `reviews` (
  `id` int(10) UNSIGNED NOT NULL,
  `product_id` int(10) UNSIGNED NOT NULL,
  `customer` varchar(191) COLLATE utf8mb4_unicode_ci NOT NULL,
  `review` text COLLATE utf8mb4_unicode_ci NOT NULL,
  `star` int(11) NOT NULL,
  `created_at` timestamp NULL DEFAULT NULL,
  `updated_at` timestamp NULL DEFAULT NULL
) ENGINE=InnoDB DEFAULT CHARSET=utf8mb4 COLLATE=utf8mb4_unicode_ci;

--
-- Dumping data for table `reviews`
--

INSERT INTO `reviews` (`id`, `product_id`, `customer`, `review`, `star`, `created_at`, `updated_at`) VALUES
(1, 22, 'Prof. Tyreek Cassin', 'Similique natus quibusdam est. Sint quis maxime harum voluptatem placeat vero dolorum quia. Autem ratione sunt necessitatibus.', 5, '2018-11-10 19:34:44', '2018-11-10 19:34:44'),
(2, 33, 'Anderson Glover', 'Consequatur cum vel adipisci perspiciatis in nulla quia. Quasi officiis enim vel magnam exercitationem quisquam asperiores. Dolor quis est voluptatem in voluptatem.', 2, '2018-11-10 19:34:44', '2018-11-10 19:34:44'),
(3, 9, 'Meagan Jakubowski', 'Debitis est sed commodi est. Voluptatem et beatae consequatur ut assumenda nemo maxime. Distinctio temporibus beatae repudiandae qui molestiae. Quos nesciunt voluptatem in est ea enim explicabo.', 1, '2018-11-10 19:34:44', '2018-11-10 19:34:44'),
(4, 31, 'Giovanny Hessel I', 'Hic omnis cum sit laudantium sunt. Recusandae labore earum corporis fuga. Nihil necessitatibus magnam inventore delectus. Veniam molestias suscipit veniam.', 1, '2018-11-10 19:34:44', '2018-11-10 19:34:44'),
(5, 27, 'Dr. Rhett Heathcote', 'Assumenda dignissimos repellat ea ut est non. Possimus est dolorum consequatur dicta similique. Minima voluptatum et praesentium provident eaque hic facere. Ad enim et id dolorum. Cupiditate cupiditate mollitia a non quisquam id.', 5, '2018-11-10 19:34:44', '2018-11-10 19:34:44'),
(6, 3, 'Joelle Jacobson DVM', 'Ipsam dolor delectus ut sunt. Error maiores blanditiis eum ut non tempora. Sint rerum sunt aut. Aliquid aliquam non qui optio.', 0, '2018-11-10 19:34:44', '2018-11-10 19:34:44'),
(7, 32, 'Mr. Gage Wunsch I', 'Non est enim dignissimos soluta ipsa fugiat quos accusantium. Omnis veritatis quo est doloremque sed. Repellendus est aut quia sunt dicta itaque. Qui voluptas eum illo corrupti.', 3, '2018-11-10 19:34:44', '2018-11-10 19:34:44'),
(8, 39, 'Cheyenne Larson', 'Labore qui qui repellat earum. Nam corporis est ut ea enim.', 5, '2018-11-10 19:34:44', '2018-11-10 19:34:44'),
(9, 8, 'Mrs. Leda Doyle MD', 'Tempore ut sequi voluptatem est sed error. Quidem voluptas harum eaque culpa dolores. Praesentium facilis quae quod vel vel laudantium.', 2, '2018-11-10 19:34:44', '2018-11-10 19:34:44'),
(10, 12, 'Willa Hamill', 'Quasi est ipsa et dolores perspiciatis fuga. Et et culpa nemo minus.', 0, '2018-11-10 19:34:45', '2018-11-10 19:34:45'),
(11, 20, 'Paula Lesch', 'Sunt sit repellendus eveniet qui. Voluptates illo impedit ducimus. Voluptatem quam reprehenderit perspiciatis qui officia eligendi laborum a. Iste repellendus perspiciatis aliquam illo eius nobis ab. Modi animi atque id labore aspernatur.', 1, '2018-11-10 19:34:45', '2018-11-10 19:34:45'),
(12, 49, 'Miss Madaline Dach', 'Hic minima omnis sed ipsam laudantium. Minus quae quae amet eligendi. Amet aspernatur a sit pariatur.', 2, '2018-11-10 19:34:45', '2018-11-10 19:34:45'),
(13, 37, 'Dr. Lewis Haag II', 'Excepturi sit dolores ipsa cumque officiis fugit. Corporis voluptatem est hic accusamus. Quod qui nam enim et deleniti.', 4, '2018-11-10 19:34:45', '2018-11-10 19:34:45'),
(14, 37, 'Anissa O\'Kon IV', 'Atque dolorem magnam sed aperiam ullam laborum velit aliquam. Temporibus non nam magni voluptatem. Eum repellat et enim possimus. A eveniet maiores dolor et repellendus. Sunt nihil enim voluptatem expedita cumque.', 5, '2018-11-10 19:34:45', '2018-11-10 19:34:45'),
(15, 16, 'Tatum Johnston', 'Fugit delectus officia et iste eos. Nihil aut deleniti id ea.', 0, '2018-11-10 19:34:45', '2018-11-10 19:34:45'),
(16, 15, 'Judah Mertz', 'Autem iure soluta impedit voluptas laborum. Alias numquam eum illum cupiditate temporibus quasi totam. Inventore quos eveniet omnis vel omnis repellat delectus.', 4, '2018-11-10 19:34:45', '2018-11-10 19:34:45'),
(17, 15, 'Monroe O\'Hara', 'Perspiciatis exercitationem maxime impedit deserunt. Delectus quia enim et vero aut. Occaecati non voluptatem aut deleniti est illum. Minus magni eaque sed modi.', 0, '2018-11-10 19:34:45', '2018-11-10 19:34:45'),
(18, 19, 'Vicky Haag PhD', 'Doloremque doloremque ea blanditiis fuga enim aspernatur. Delectus fuga quia unde quis blanditiis modi. Consequatur eum maxime cumque mollitia consectetur beatae temporibus.', 4, '2018-11-10 19:34:45', '2018-11-10 19:34:45'),
(19, 17, 'Ismael Langosh', 'Numquam aut nesciunt quidem voluptas ratione et ullam. Id eius dolor quis et minus consequatur. Hic facilis cum facilis quas aliquid. Quia odio quia minima quis et eum error et. In sequi sed ipsum voluptate magnam et aliquam.', 4, '2018-11-10 19:34:45', '2018-11-10 19:34:45'),
(20, 7, 'Dr. Evie Jenkins MD', 'Modi at placeat optio quos nisi praesentium ut quisquam. Maiores a debitis excepturi ab dolor nesciunt.', 1, '2018-11-10 19:34:45', '2018-11-10 19:34:45'),
(21, 12, 'Dr. Kip Hyatt', 'Cum in nesciunt ut omnis et. Excepturi asperiores nam in sit cumque sint beatae aspernatur.', 2, '2018-11-10 19:34:45', '2018-11-10 19:34:45'),
(22, 48, 'Kamren Weimann', 'Maxime iste dolores enim non laboriosam ut ipsam. Enim et mollitia magni ex. Eligendi molestias quo qui illum omnis. Accusamus accusantium ut ducimus.', 3, '2018-11-10 19:34:45', '2018-11-10 19:34:45'),
(23, 32, 'Prof. Candelario Kuhlman IV', 'Animi suscipit aut at enim est. Aliquam error officiis dolores qui. Et in amet quo doloribus eligendi eos saepe. Ipsa ipsum quae autem quae saepe sed sint.', 3, '2018-11-10 19:34:45', '2018-11-10 19:34:45'),
(24, 22, 'Lizeth Cartwright II', 'Repellendus vel consequatur officia deleniti ut id aut. Voluptatibus molestiae et repellat qui animi. Ducimus quisquam et aliquam non nihil. Saepe veritatis fugit ullam sunt eius cupiditate. Velit minima in nulla quidem itaque dolorum et cum.', 1, '2018-11-10 19:34:45', '2018-11-10 19:34:45'),
(25, 44, 'Garnett Walter', 'Quae tenetur adipisci occaecati facilis. Fugiat voluptatem ut natus quis odio fuga. Ducimus dicta eum natus quis. Occaecati voluptas voluptas rerum enim.', 4, '2018-11-10 19:34:45', '2018-11-10 19:34:45'),
(26, 8, 'Freeman Mante', 'Sapiente et non qui fugiat quis ratione sint. Molestias delectus eligendi earum voluptate dicta quasi reiciendis recusandae. Non et eos ducimus delectus neque distinctio.', 5, '2018-11-10 19:34:45', '2018-11-10 19:34:45'),
(27, 7, 'Dr. Juana Schulist', 'Dicta suscipit illum quia qui optio. Beatae perferendis eos quidem quas sed quos sit et. Voluptas rerum modi quo consectetur explicabo consequatur qui. Sed impedit officiis consequatur velit.', 3, '2018-11-10 19:34:45', '2018-11-10 19:34:45'),
(28, 37, 'Carissa Russel', 'Aspernatur quisquam unde similique ratione rerum ipsa quas qui. Rerum tenetur expedita sit quo maxime. Itaque saepe rerum veritatis aut optio nihil. Ut dolore repellat et et. Quos reiciendis ut ut autem fuga maiores quos.', 3, '2018-11-10 19:34:45', '2018-11-10 19:34:45'),
(29, 35, 'Jedediah Balistreri', 'Eligendi ducimus ratione eius eaque. Qui praesentium occaecati voluptatem perferendis corporis eos. Aut voluptatem odio sed ducimus consequatur eum inventore inventore. Animi ut eos ab quia deserunt.', 5, '2018-11-10 19:34:45', '2018-11-10 19:34:45'),
(30, 46, 'Joanie Hane I', 'Incidunt in odit vel. Ex fugiat autem cum. Unde quas ea natus voluptatem quam dolores. Autem et dolorum sed suscipit.', 1, '2018-11-10 19:34:45', '2018-11-10 19:34:45'),
(31, 12, 'Carson Terry', 'Similique doloremque hic iusto. Vero error aperiam mollitia et. Cum non dolores occaecati facere id eum. Aliquid aut possimus error.', 1, '2018-11-10 19:34:45', '2018-11-10 19:34:45'),
(32, 11, 'Laurel Kris II', 'Qui eveniet est blanditiis libero maxime consequatur rerum. Quos aliquam illo eius non ea qui.', 0, '2018-11-10 19:34:45', '2018-11-10 19:34:45'),
(33, 47, 'Micah White Sr.', 'Officiis harum et quis occaecati id hic ab illo. Cupiditate quia et dolor dolores iste et ea. Voluptate quae veritatis occaecati facilis ea molestias. Impedit eum reprehenderit molestiae voluptatem vitae.', 3, '2018-11-10 19:34:45', '2018-11-10 19:34:45'),
(34, 33, 'Ines Swaniawski', 'Error et at ut excepturi consequuntur totam fuga. Consectetur ea fugit tempora voluptatum illo. Nam voluptatem nihil unde temporibus odio et molestiae optio. Magni autem suscipit aut doloribus hic dolore non sit.', 4, '2018-11-10 19:34:45', '2018-11-10 19:34:45'),
(35, 41, 'Prof. Christ Gaylord', 'Voluptas quos aut omnis officia est consequuntur nostrum. Omnis et sed maxime soluta. Nemo aut aut debitis officia aut itaque repellat nulla.', 2, '2018-11-10 19:34:45', '2018-11-10 19:34:45'),
(36, 3, 'Hugh Kunze', 'Natus nisi delectus aspernatur sint. Omnis ullam vitae facere illum. Error tenetur tenetur iusto vel ducimus. Asperiores ullam vitae et laboriosam occaecati doloremque dicta.', 1, '2018-11-10 19:34:45', '2018-11-10 19:34:45'),
(37, 3, 'Deanna Pfannerstill', 'Molestiae minima consequatur eius ut. Odit ut molestiae voluptas temporibus error illo repellendus. Quos nam libero sint sunt voluptatibus quod tempora autem.', 5, '2018-11-10 19:34:45', '2018-11-10 19:34:45'),
(38, 29, 'Kellen Glover', 'Neque eius et quo aspernatur ad et dignissimos. Doloribus et dolores aspernatur aut quibusdam occaecati voluptatibus. Et asperiores eum qui error tenetur. Est laboriosam voluptate sunt cumque facere et repellat distinctio.', 2, '2018-11-10 19:34:45', '2018-11-10 19:34:45'),
(39, 27, 'Prof. Joseph Schroeder', 'Ut consequuntur saepe voluptas tenetur est dolorem. Et officiis ut blanditiis. Recusandae doloribus fugit pariatur cumque voluptatem debitis. Quam incidunt sint laborum vero ut quisquam.', 3, '2018-11-10 19:34:46', '2018-11-10 19:34:46'),
(40, 41, 'Prof. David Greenholt', 'Optio qui dicta nobis deleniti voluptatem possimus magnam illum. Quibusdam quo enim sequi blanditiis voluptas. Ducimus velit vitae perspiciatis. Rerum recusandae ex est velit doloremque sit.', 2, '2018-11-10 19:34:46', '2018-11-10 19:34:46'),
(41, 50, 'Prof. Giuseppe Heller', 'Consequatur consequatur nobis nemo ex tenetur sint. Et iure autem cumque maxime. Rerum ipsa cumque aliquid.', 4, '2018-11-10 19:34:46', '2018-11-10 19:34:46'),
(42, 37, 'Destiney Goldner', 'Reprehenderit repellendus velit animi ea in rerum. Consequuntur repellendus necessitatibus inventore ipsa libero possimus. Expedita eum cumque et sequi aliquid eligendi. Veniam voluptatem voluptas itaque et vel cumque.', 2, '2018-11-10 19:34:46', '2018-11-10 19:34:46'),
(43, 13, 'Rylee Reichel', 'Qui nesciunt odio similique libero. Perferendis id ut quis iure doloribus quis. Iste sit dolores quod earum ullam.', 3, '2018-11-10 19:34:46', '2018-11-10 19:34:46'),
(44, 29, 'Wallace McKenzie', 'Et recusandae repudiandae numquam quia quo sint. Deserunt natus voluptatem sit. Sunt possimus ut quisquam fugiat ratione recusandae. Sint excepturi non debitis quia aut nam.', 4, '2018-11-10 19:34:46', '2018-11-10 19:34:46'),
(45, 50, 'Arely Bailey', 'Aliquid veniam aut consequatur nobis quia. Qui commodi sint quia aspernatur minus quidem voluptatem. Quis a libero voluptates soluta.', 5, '2018-11-10 19:34:46', '2018-11-10 19:34:46'),
(46, 48, 'Prof. Domenico Nolan', 'Eaque rem doloribus architecto voluptatem omnis at voluptatem autem. Maxime perferendis quasi libero veniam laboriosam ab. Dolorum et velit et et.', 3, '2018-11-10 19:34:46', '2018-11-10 19:34:46'),
(47, 9, 'Darron Hudson', 'Magni tempora vero nesciunt facilis quam molestiae explicabo. Dolores quia voluptatem sit dolores atque soluta cum. Qui aut eaque dignissimos sit et sit ex.', 4, '2018-11-10 19:34:46', '2018-11-10 19:34:46'),
(48, 49, 'Taryn Koch', 'Ut neque quia doloribus est architecto ad quia. Totam officia sit tempore molestiae expedita ea. Ut similique sit reiciendis deserunt explicabo numquam et et.', 0, '2018-11-10 19:34:46', '2018-11-10 19:34:46'),
(49, 11, 'Prof. Sigmund Prohaska I', 'Vero eos eum sint. Possimus cupiditate magnam laborum iste ex. Quo iure consequuntur enim nostrum atque.', 0, '2018-11-10 19:34:46', '2018-11-10 19:34:46'),
(50, 46, 'Prof. Anna Boehm', 'Ratione quia non asperiores et ut. Est sit eligendi sunt exercitationem ipsa veritatis.', 2, '2018-11-10 19:34:46', '2018-11-10 19:34:46'),
(51, 22, 'Marcia Orn', 'Est dolorum autem harum sint. Molestiae quaerat dolor doloribus voluptates commodi. Recusandae delectus in atque vitae velit sed.', 5, '2018-11-10 19:34:46', '2018-11-10 19:34:46'),
(52, 48, 'Tianna Funk', 'Minus non omnis dolores totam sed. Dolores repudiandae rem laboriosam eveniet. Minima excepturi magnam quaerat rerum itaque. Voluptatem qui similique mollitia labore culpa a aut alias.', 0, '2018-11-10 19:34:46', '2018-11-10 19:34:46'),
(53, 11, 'Jairo VonRueden III', 'In perferendis unde nostrum veniam deserunt. Laborum corporis facere voluptates temporibus. Ratione ea tempora ipsa ipsa in ullam. Aut voluptates ab cupiditate et quia ea.', 1, '2018-11-10 19:34:46', '2018-11-10 19:34:46'),
(54, 30, 'Rogelio Mohr Jr.', 'Qui quisquam qui nihil autem quo beatae. Iusto voluptatem veniam ut. Repellat voluptatem iusto et consectetur quia excepturi. Perspiciatis facilis doloremque aliquam est vel suscipit dolor error.', 1, '2018-11-10 19:34:46', '2018-11-10 19:34:46'),
(55, 4, 'Jocelyn Von DVM', 'Debitis libero quos et vitae ratione sunt facere. Suscipit sed earum molestias quae voluptates culpa dolor. Et voluptatem iste sint voluptas occaecati nulla quisquam. Eum et aut magnam velit beatae sed et velit.', 1, '2018-11-10 19:34:46', '2018-11-10 19:34:46'),
(56, 6, 'Dr. Braden Mohr', 'Temporibus alias officia voluptatibus tenetur autem et. Est ut quia perferendis vel commodi ut. Rem odio nam est ut a vel consequatur voluptas. Aspernatur neque doloremque rerum.', 2, '2018-11-10 19:34:46', '2018-11-10 19:34:46'),
(57, 21, 'Mr. Mike Wisoky I', 'Quas facilis assumenda ullam aut sint in quo placeat. Et quasi nostrum veniam tempore debitis fugit. Et est molestiae ex esse libero atque. Qui est harum similique eligendi.', 5, '2018-11-10 19:34:46', '2018-11-10 19:34:46'),
(58, 19, 'Marie Koss', 'Rem qui aut nihil vero. Amet in illo placeat nemo et. Maiores at aperiam explicabo id.', 0, '2018-11-10 19:34:46', '2018-11-10 19:34:46'),
(59, 41, 'Prof. Julian DuBuque DVM', 'Sint eos et sint enim. Occaecati ipsum non voluptas totam distinctio magni autem. Rerum quibusdam omnis autem asperiores. Dolorum soluta magni expedita ut qui enim.', 0, '2018-11-10 19:34:46', '2018-11-10 19:34:46'),
(60, 45, 'Philip Gleason', 'Eos quibusdam totam perferendis fugit ut voluptatibus. Dolor nihil odio assumenda ullam minima assumenda consectetur quasi. Id aliquam dolorem fuga aut id. Rem et dolore quo qui repellat.', 1, '2018-11-10 19:34:46', '2018-11-10 19:34:46'),
(61, 5, 'Prof. Sydney Connelly', 'Molestiae deserunt eveniet eius distinctio. Consequuntur sequi ut provident eos molestiae. Eum nulla et hic nulla unde. Quo dolores quia id maiores ipsam nostrum.', 4, '2018-11-10 19:34:46', '2018-11-10 19:34:46'),
(62, 14, 'Tillman Boyle', 'Dolor harum unde sit. Et distinctio vero sed quia. Maiores alias nisi eaque sed qui. Ut consequatur libero et et et.', 1, '2018-11-10 19:34:46', '2018-11-10 19:34:46'),
(63, 18, 'Kristy Satterfield', 'Voluptatem in id est a quia voluptas ipsum. Perferendis molestiae reprehenderit corporis tempora beatae sed. Autem ut aut nulla. Et fugit sit officiis ut voluptate sunt voluptates ab. Vel commodi molestias vero minus.', 4, '2018-11-10 19:34:46', '2018-11-10 19:34:46'),
(64, 36, 'Yoshiko Morissette', 'Animi maiores beatae id. Quae laborum aut debitis aut amet voluptatem sunt. Dolorem autem error labore reiciendis sunt. Autem ullam rem impedit. Dolorem enim nihil voluptas a alias.', 5, '2018-11-10 19:34:46', '2018-11-10 19:34:46'),
(65, 46, 'Zelma Reilly', 'Necessitatibus ipsum delectus est molestiae. Et iusto et quod voluptates culpa. Animi nisi est quia aliquid libero laborum eos.', 0, '2018-11-10 19:34:46', '2018-11-10 19:34:46'),
(66, 18, 'Miss Arielle Walker', 'Quia in unde et saepe. Earum unde nihil quis et. Quia aliquam minus suscipit debitis in harum soluta. Consequuntur velit ea tenetur ut officia veritatis rerum.', 4, '2018-11-10 19:34:46', '2018-11-10 19:34:46'),
(67, 9, 'Nico Mohr', 'Sint architecto odit minima libero. Explicabo ipsa occaecati tempora fugit architecto. Libero quae aliquid nulla nulla in aperiam.', 5, '2018-11-10 19:34:47', '2018-11-10 19:34:47'),
(68, 22, 'Nasir Thiel', 'Itaque et ut qui omnis sint qui similique nam. Quidem consectetur optio fuga consectetur et eos in consectetur. Provident tempore nihil a eum mollitia magnam qui magni.', 3, '2018-11-10 19:34:47', '2018-11-10 19:34:47'),
(69, 19, 'Nasir Ankunding', 'Earum dolores excepturi id placeat porro. Et pariatur soluta magnam. Accusamus est quod nulla omnis voluptate ut. Est rem qui autem et recusandae.', 0, '2018-11-10 19:34:47', '2018-11-10 19:34:47'),
(70, 26, 'Koby Wilderman', 'Ea voluptates blanditiis sapiente velit rerum fuga consequatur. Voluptas suscipit qui in. Dolor reiciendis possimus incidunt nisi.', 3, '2018-11-10 19:34:47', '2018-11-10 19:34:47'),
(71, 31, 'Nayeli Lemke DDS', 'Possimus et soluta neque voluptatibus. Velit id odio ut sequi consequuntur eos odio. Aperiam alias voluptatibus laboriosam odit quod ut minima aut.', 5, '2018-11-10 19:34:47', '2018-11-10 19:34:47'),
(72, 1, 'Kaylie Daugherty', 'Ut debitis quas non excepturi. Voluptates aut vero velit deserunt. Recusandae fugit quia et vero. Sunt sunt dolorem commodi ut dolores error ratione exercitationem.', 5, '2018-11-10 19:34:47', '2018-11-10 19:34:47'),
(73, 15, 'Desiree Harvey', 'Sint odio minima omnis. Consequatur omnis et sed eos ipsam. Et tempora recusandae omnis qui aut non. Expedita ea doloribus ut harum nisi quam tempora. Mollitia velit aut sint maxime aut fuga sed.', 1, '2018-11-10 19:34:47', '2018-11-10 19:34:47'),
(74, 1, 'Prof. Vivien Zieme', 'Facilis aliquam tempore amet commodi. Ut rerum excepturi suscipit quasi. Ea ut earum molestiae qui autem animi ea. Reiciendis sit voluptatem voluptatum est.', 0, '2018-11-10 19:34:47', '2018-11-10 19:34:47'),
(75, 18, 'Christ Rosenbaum', 'Temporibus quaerat sint quo nam. Illo quia modi id. Corporis possimus pariatur cum libero autem molestiae. Iusto quo quo ratione officiis voluptas voluptas.', 4, '2018-11-10 19:34:47', '2018-11-10 19:34:47'),
(76, 24, 'Uriel Veum III', 'Nesciunt ad voluptatem est omnis. Et alias omnis fugit illum maiores sit. Alias nobis sit neque saepe modi saepe. Voluptatem delectus ut enim natus. Eos iste itaque magni dolorum voluptatibus laborum eos.', 1, '2018-11-10 19:34:47', '2018-11-10 19:34:47'),
(77, 13, 'Lorenzo Kuphal', 'Numquam vel rerum et praesentium. Cumque non id earum maiores blanditiis commodi facilis. Impedit deserunt voluptas distinctio accusamus minus assumenda qui.', 2, '2018-11-10 19:34:47', '2018-11-10 19:34:47'),
(78, 7, 'Rupert Kemmer', 'Non quaerat sunt et praesentium. Sapiente et provident earum unde dolorem doloremque veritatis. Distinctio dicta et aliquid placeat sit ducimus. Tenetur repellat fuga magni rerum ut. Debitis repudiandae est hic eos debitis officiis quod.', 3, '2018-11-10 19:34:47', '2018-11-10 19:34:47'),
(79, 15, 'Marge Collier MD', 'Rerum quia distinctio officia qui. Sed voluptas rem ut porro. Perspiciatis blanditiis magni sapiente voluptatibus repellendus velit vel. Totam totam enim quia ipsam.', 4, '2018-11-10 19:34:47', '2018-11-10 19:34:47'),
(80, 43, 'Dr. Mozelle Feil DVM', 'Officia tempora laborum qui voluptatem quo natus. Omnis vero et alias. Sed beatae molestias ea et. Earum laudantium cumque voluptatibus aliquam voluptatem.', 5, '2018-11-10 19:34:47', '2018-11-10 19:34:47'),
(81, 24, 'Rossie Howe', 'Consequatur recusandae asperiores qui commodi nihil aut dolores. Sunt hic ut dolorem unde eveniet error officiis. Quo itaque dolor rerum magni aliquam facere tenetur. Neque numquam sed minima deleniti provident sit consequatur.', 1, '2018-11-10 19:34:47', '2018-11-10 19:34:47'),
(82, 18, 'Cheyenne Wiegand', 'Sint nisi tempore voluptatem iure. Voluptatem accusamus et modi consequatur sed culpa. Voluptate culpa ex aut numquam voluptates. Non sint est velit sunt consectetur.', 0, '2018-11-10 19:34:47', '2018-11-10 19:34:47'),
(83, 31, 'Kenya Rodriguez', 'Optio tempore eligendi vel ut laboriosam ea. Maxime enim id error quos. Eligendi eveniet ducimus esse et quia aspernatur.', 2, '2018-11-10 19:34:47', '2018-11-10 19:34:47'),
(84, 37, 'Oral Roberts', 'A porro ullam sit facilis fuga molestias veritatis officia. Voluptas consequatur itaque tempora. Est sed totam facere doloremque sapiente cumque. Dolore debitis repellat voluptas minima nobis impedit et. Ab modi ut qui aut voluptatum.', 0, '2018-11-10 19:34:47', '2018-11-10 19:34:47'),
(85, 35, 'Gillian Torphy I', 'Magnam consequatur quis eveniet consequatur sit modi ut. Dolore pariatur animi rerum fugiat. Voluptates accusantium rerum vel atque iure id voluptatem.', 2, '2018-11-10 19:34:47', '2018-11-10 19:34:47'),
(86, 14, 'Prof. Lily Herzog III', 'Sint beatae reiciendis accusamus non aperiam. Quas et molestiae ut occaecati est. Nostrum fuga vero cum qui hic reiciendis doloremque illum. Eos saepe minima repudiandae sed tenetur optio.', 2, '2018-11-10 19:34:47', '2018-11-10 19:34:47'),
(87, 36, 'Clarabelle Johns', 'Mollitia accusamus voluptas a magnam aut sed mollitia. Voluptate reprehenderit velit corporis doloremque. Velit hic voluptas reprehenderit molestiae aut quae sed. Voluptatem autem eum qui sed aperiam quia. Dolorum dolore nobis velit id ea.', 3, '2018-11-10 19:34:47', '2018-11-10 19:34:47'),
(88, 38, 'Humberto Schmitt Sr.', 'Facilis repudiandae eos eligendi animi non odit est. Aliquam illum omnis quis. Sed dolorum harum magni id. Sunt eum quia ea accusamus fuga ipsum.', 3, '2018-11-10 19:34:47', '2018-11-10 19:34:47'),
(89, 27, 'Lemuel Feil', 'Qui libero non eligendi labore rerum in voluptas. Doloremque dolore fuga dolorum cum quas quia. Vel tempora tempora voluptatem sunt excepturi quo quidem. Voluptas qui et voluptatem id est sapiente eaque perferendis.', 2, '2018-11-10 19:34:47', '2018-11-10 19:34:47'),
(90, 1, 'Ramona Lindgren', 'Distinctio omnis inventore repudiandae et facere omnis. Ipsam asperiores qui et. Sed qui blanditiis voluptatibus in rem porro.', 2, '2018-11-10 19:34:47', '2018-11-10 19:34:47'),
(91, 26, 'Mustafa Harris', 'Repellendus dolor labore assumenda culpa. Voluptatem facere omnis et est eos ut labore accusantium. Tenetur odit debitis vero atque eaque. Cum et quis vel maxime reiciendis.', 2, '2018-11-10 19:34:47', '2018-11-10 19:34:47'),
(92, 21, 'Jacky King MD', 'Praesentium rerum tenetur autem ratione consequatur ipsa distinctio est. Ut veritatis quas rerum molestiae saepe molestiae.', 5, '2018-11-10 19:34:47', '2018-11-10 19:34:47'),
(93, 15, 'Ms. Verda Padberg', 'In et quae quae omnis. Consequatur eum laudantium sit harum in odit. Delectus adipisci molestiae in sint quia.', 0, '2018-11-10 19:34:47', '2018-11-10 19:34:47'),
(94, 32, 'Dr. Karlee Braun DVM', 'Hic expedita minima esse aut eaque. Excepturi deserunt molestiae inventore aliquam veritatis suscipit. Eum atque voluptatem sequi modi sunt necessitatibus rem.', 2, '2018-11-10 19:34:47', '2018-11-10 19:34:47'),
(95, 33, 'Jessy Glover', 'Et ea quia in sit ratione sit et. Error quo doloremque et aut asperiores odio. Praesentium odio odit fugit perferendis. Optio minima omnis eos consequatur qui omnis.', 1, '2018-11-10 19:34:47', '2018-11-10 19:34:47'),
(96, 45, 'Jayce Dickinson', 'Asperiores vel nihil vel sint deleniti. Vel assumenda autem dignissimos accusamus consequuntur sit ut sed. Deserunt occaecati voluptatibus in ipsam commodi quia maiores nam. Dolor beatae eaque et nulla.', 5, '2018-11-10 19:34:47', '2018-11-10 19:34:47'),
(97, 45, 'Trever Keebler', 'Quaerat ut vel officia odit. Soluta non sint nihil ad iste molestiae eos. Minima ut nihil autem autem corporis in tempora. Sint enim quidem voluptatem quia enim mollitia optio esse.', 0, '2018-11-10 19:34:47', '2018-11-10 19:34:47'),
(98, 3, 'Juvenal Runolfsson', 'Fugiat suscipit quia et eos itaque sequi. Saepe repellat tempore odit quibusdam. Tenetur quasi rerum omnis ipsum reiciendis est.', 2, '2018-11-10 19:34:47', '2018-11-10 19:34:47'),
(99, 30, 'Chesley Schoen Sr.', 'Vitae est error quo quis non nemo. Sed placeat ea ducimus aliquam alias eum dolorem. Occaecati et voluptatem esse nam quisquam.', 2, '2018-11-10 19:34:47', '2018-11-10 19:34:47'),
(100, 39, 'Montana Bahringer', 'Quisquam ab iusto qui recusandae hic aut tempore quasi. Modi quo nemo vero deserunt velit ratione consequatur. Itaque architecto qui ullam odio vitae qui sed sed. Molestias veniam non officiis deleniti velit recusandae doloremque.', 2, '2018-11-10 19:34:48', '2018-11-10 19:34:48'),
(101, 27, 'Dr. Marisol Lebsack', 'Praesentium ea dicta quia quae aspernatur eius voluptatum. Expedita placeat et similique necessitatibus nam. Pariatur placeat cumque illo rerum minus fugiat. Earum maxime ipsam aut aut quo occaecati.', 4, '2018-11-10 19:34:48', '2018-11-10 19:34:48'),
(102, 2, 'Mr. Loy Langosh Sr.', 'Esse vero voluptatem animi voluptatem maxime animi. Neque error nemo dolores sit magni laudantium. Deleniti placeat illum quo porro placeat inventore. Laborum aliquid et sed porro modi illum.', 0, '2018-11-10 19:34:48', '2018-11-10 19:34:48'),
(103, 21, 'Clemmie Rodriguez DVM', 'Possimus omnis autem ipsum culpa magnam et dolorem in. Hic ut rem nobis doloribus incidunt. Facilis consequuntur qui error eum non quod. Sit et aut pariatur pariatur voluptas expedita.', 1, '2018-11-10 19:34:48', '2018-11-10 19:34:48'),
(104, 38, 'Anastasia Lang', 'Optio et explicabo assumenda occaecati tempore illo. Quia quia quasi voluptatum sunt aliquid eum. Perspiciatis ipsa dolorem quia. Minus dolorum dolore modi ut at unde.', 0, '2018-11-10 19:34:48', '2018-11-10 19:34:48'),
(105, 45, 'Miss Briana Morar', 'Aut omnis veritatis aut culpa officiis molestiae. Nemo consequatur perspiciatis alias rem impedit reiciendis. Nihil dolorum quod autem dicta ex. Quia amet nulla laboriosam qui hic debitis et. Vel iste perferendis molestiae perspiciatis.', 5, '2018-11-10 19:34:48', '2018-11-10 19:34:48'),
(106, 16, 'Gussie Farrell PhD', 'Nihil totam perspiciatis quisquam dolorem. In provident repellendus aliquam velit voluptatem. Consequatur at ratione soluta dignissimos.', 4, '2018-11-10 19:34:48', '2018-11-10 19:34:48'),
(107, 24, 'Genevieve Okuneva Jr.', 'Ut et voluptatibus in aut magni nihil libero iure. Est quasi amet dolor nam officiis nihil vel. Doloribus quod nam fugit nesciunt libero. Possimus voluptatum aut qui eum similique.', 0, '2018-11-10 19:34:48', '2018-11-10 19:34:48'),
(108, 21, 'Ms. Alisha Ziemann IV', 'Incidunt reprehenderit deleniti impedit. Nemo atque sit autem. Culpa porro alias saepe voluptatibus excepturi. Repellendus natus fugiat architecto velit repudiandae voluptatem.', 0, '2018-11-10 19:34:48', '2018-11-10 19:34:48'),
(109, 29, 'Dr. Jeanne Von', 'Dicta consequatur ab qui sapiente. Et debitis aut nihil. Voluptatibus voluptatem doloribus quisquam deleniti sit. Nemo porro quia tenetur modi quibusdam qui laboriosam reiciendis. Cumque quos quo esse debitis debitis quo.', 0, '2018-11-10 19:34:48', '2018-11-10 19:34:48'),
(110, 50, 'Zoila Yost', 'Numquam ut provident minus qui voluptate sit voluptatibus. Qui suscipit maxime quis quia voluptatibus fugit quia. Deleniti nisi quas eaque et. Qui molestiae quisquam ullam repudiandae ipsa laboriosam ab.', 1, '2018-11-10 19:34:48', '2018-11-10 19:34:48'),
(111, 12, 'Ryan Dibbert', 'Qui omnis vitae earum labore. Illo in molestias dolore est aut eum cupiditate. Molestiae molestiae id eveniet vero blanditiis voluptate. Voluptatibus ad minima iusto porro commodi dolores itaque. Et libero et delectus incidunt nesciunt.', 1, '2018-11-10 19:34:48', '2018-11-10 19:34:48'),
(112, 5, 'Ms. Caleigh Macejkovic', 'Perspiciatis eum cupiditate distinctio deserunt ut impedit sint. Voluptas totam omnis assumenda doloremque vero asperiores. Eum est qui veritatis ea.', 2, '2018-11-10 19:34:48', '2018-11-10 19:34:48'),
(113, 40, 'Ressie Howell', 'Repellendus nulla optio fuga quia reiciendis velit. At et maxime tenetur fugiat qui voluptatum. Recusandae tenetur quos odio cumque et exercitationem in. Totam natus autem nihil dicta blanditiis.', 5, '2018-11-10 19:34:48', '2018-11-10 19:34:48'),
(114, 27, 'Mrs. Abigail Torp', 'Ipsum perferendis voluptate explicabo optio cum. Dolorem vitae praesentium quia quod neque amet qui. Accusantium ratione sit nesciunt et adipisci suscipit qui nihil. Sunt officia delectus est voluptates sit consequatur tempore molestiae. Pariatur tempore perferendis aut rem molestias.', 3, '2018-11-10 19:34:48', '2018-11-10 19:34:48'),
(115, 9, 'Alena Hudson', 'Optio ut nobis ut iste. Ea quaerat quis soluta fugit placeat architecto. Ut aut atque alias nam alias quis blanditiis. Porro ea et perferendis sint reprehenderit velit corporis.', 4, '2018-11-10 19:34:48', '2018-11-10 19:34:48'),
(116, 36, 'Muhammad Ruecker', 'Earum occaecati repellendus facilis autem quis. Mollitia a perspiciatis non autem et dolorem aut. Exercitationem cumque accusamus quidem placeat amet voluptatem.', 5, '2018-11-10 19:34:48', '2018-11-10 19:34:48'),
(117, 26, 'Justus Thiel', 'Consequatur aut voluptatem hic pariatur. Odit quos adipisci omnis non sint sed dolorum. Fuga eaque fuga possimus et.', 3, '2018-11-10 19:34:48', '2018-11-10 19:34:48'),
(118, 46, 'Juana Schaefer', 'Maiores deserunt sit nobis voluptatem ea. Est nam quis rerum in alias voluptates modi voluptatem. Ex dolor perferendis qui dolorum eum et. Non iusto ipsum fugit.', 0, '2018-11-10 19:34:48', '2018-11-10 19:34:48'),
(119, 40, 'Iva DuBuque', 'Doloribus quibusdam sed suscipit pariatur. Iure totam eum velit unde eligendi. Ex minima dolorem atque voluptate placeat non minus.', 4, '2018-11-10 19:34:48', '2018-11-10 19:34:48'),
(120, 13, 'Mr. Tre Roberts I', 'Eos non explicabo doloremque placeat quis numquam illum eligendi. Inventore quaerat ut sunt et eligendi et eos. Et velit quam qui sint aliquid.', 0, '2018-11-10 19:34:48', '2018-11-10 19:34:48'),
(121, 43, 'Riley Crooks', 'Tempora quo doloremque aut at ut qui. Beatae eum fugit id omnis commodi natus. Deleniti laborum eligendi sed voluptatem sit quo. Quisquam autem fugit consequatur enim voluptatem error quia.', 2, '2018-11-10 19:34:48', '2018-11-10 19:34:48'),
(122, 9, 'Asa Wiegand', 'Et deserunt aliquam ipsa ut alias. Ut aut consectetur deleniti quibusdam nesciunt. Non est molestias omnis asperiores.', 5, '2018-11-10 19:34:48', '2018-11-10 19:34:48'),
(123, 33, 'Ms. Minnie Purdy', 'Eveniet consequuntur ex fuga amet dolor error. Placeat deserunt dolore perferendis possimus nemo distinctio. Magni et vel aliquid ab praesentium. Et enim pariatur quos soluta et.', 2, '2018-11-10 19:34:48', '2018-11-10 19:34:48'),
(124, 32, 'Zachariah Von IV', 'Tempora esse quisquam et corporis sit provident a. Impedit nam sit magni error debitis quae. Iste cum enim ipsum veritatis eum excepturi. Nihil voluptatem omnis repellat est modi. Eos incidunt modi velit laudantium earum debitis velit.', 4, '2018-11-10 19:34:48', '2018-11-10 19:34:48'),
(125, 18, 'Ms. Margaretta DuBuque IV', 'Voluptas id nisi omnis necessitatibus. Beatae voluptas ut qui dicta. Qui quam aut eum eos inventore consequatur delectus necessitatibus.', 4, '2018-11-10 19:34:48', '2018-11-10 19:34:48'),
(126, 26, 'Aiden Goyette', 'Nobis ut aut ipsum magni. Ut sed iusto atque dolor commodi. Sunt dignissimos aperiam officiis sint atque et.', 1, '2018-11-10 19:34:48', '2018-11-10 19:34:48'),
(127, 10, 'Dr. Lamont Lakin III', 'Odit occaecati placeat beatae veniam quos aut inventore. Cupiditate et repellendus magni dolores. Eum quo perferendis quos est.', 0, '2018-11-10 19:34:48', '2018-11-10 19:34:48'),
(128, 16, 'Ms. Lessie Smitham', 'Sint porro consectetur sunt quis est. Eum maiores dolor provident cupiditate vel ex. Quod amet quos quos error reprehenderit.', 3, '2018-11-10 19:34:48', '2018-11-10 19:34:48'),
(129, 35, 'Ova Berge', 'Temporibus repellat eaque voluptatem voluptatem blanditiis quia. Quisquam ut labore illum. Doloremque quibusdam ut ratione impedit corporis. Iusto esse ducimus est impedit sed adipisci.', 0, '2018-11-10 19:34:48', '2018-11-10 19:34:48'),
(130, 40, 'Kelvin Sipes DVM', 'Aut sit ut modi distinctio architecto. Molestiae deleniti necessitatibus id ipsum. Sit voluptatem non facere ipsa rem et.', 4, '2018-11-10 19:34:48', '2018-11-10 19:34:48'),
(131, 1, 'Arvel Nitzsche', 'Quos iure a quisquam recusandae. Culpa sit maiores et sint mollitia. Nesciunt illo facilis quasi est et quo.', 2, '2018-11-10 19:34:48', '2018-11-10 19:34:48'),
(132, 40, 'Kolby Boehm', 'Deserunt repudiandae quia quisquam accusantium necessitatibus veritatis temporibus. Quia et delectus accusamus enim qui voluptatem sapiente. Molestiae voluptatibus autem aliquid velit.', 2, '2018-11-10 19:34:48', '2018-11-10 19:34:48'),
(133, 27, 'Dr. Velva Luettgen Sr.', 'Non iste enim tempore odit. Ducimus aut voluptatem quae velit repudiandae. Tenetur molestiae facere repellat et sit incidunt modi aut. Consequuntur fugit ullam iure.', 4, '2018-11-10 19:34:48', '2018-11-10 19:34:48'),
(134, 2, 'Keyshawn Sporer', 'Dolor voluptatem tenetur vel tempore voluptatum. Officia neque perferendis fuga ut dolore dolores. Aut aliquid numquam eum unde nam cupiditate accusantium. Sint expedita at ipsum vero molestiae id.', 4, '2018-11-10 19:34:48', '2018-11-10 19:34:48'),
(135, 49, 'Tierra Moore', 'Porro laboriosam ut beatae eligendi ut. Aut voluptatem similique ad quam consequatur. Omnis quia labore ut fuga necessitatibus qui.', 5, '2018-11-10 19:34:48', '2018-11-10 19:34:48'),
(136, 39, 'Miss Jayda Green', 'Earum consequatur quo in. Rerum tenetur illo ipsam eius. Repudiandae eos odit dignissimos est. Sunt nemo perspiciatis nihil eum rerum perferendis dolorem. Neque molestias porro perspiciatis asperiores eum laboriosam.', 4, '2018-11-10 19:34:48', '2018-11-10 19:34:48'),
(137, 28, 'Claire Weimann IV', 'Quo assumenda itaque facilis nobis velit maxime voluptatibus. Sint sint consectetur quidem impedit dolores tenetur sint. Quia quis qui et et pariatur.', 5, '2018-11-10 19:34:48', '2018-11-10 19:34:48'),
(138, 4, 'Johann Jones', 'Libero quibusdam minima optio laborum. Tempore et laboriosam architecto quis adipisci. Nulla doloribus iure ut magnam id impedit.', 4, '2018-11-10 19:34:48', '2018-11-10 19:34:48'),
(139, 26, 'Sarina Bartoletti Sr.', 'Quasi quia natus omnis consequuntur et nihil. Magni dolor vel dolorum fugit assumenda. Molestias at minus velit inventore.', 0, '2018-11-10 19:34:48', '2018-11-10 19:34:48'),
(140, 45, 'Elva Champlin', 'Voluptas soluta dolor eveniet numquam. Fuga neque occaecati iure rerum nobis hic. Vel consequatur id ad qui quos. Magnam ut eius non quod recusandae sint explicabo necessitatibus.', 5, '2018-11-10 19:34:49', '2018-11-10 19:34:49'),
(141, 34, 'Ms. Winnifred Rath I', 'Quia dolore rerum voluptatem. Consectetur dolores pariatur quibusdam quia ipsum libero assumenda. Est nemo praesentium commodi officia. Ullam fuga iure laboriosam.', 4, '2018-11-10 19:34:49', '2018-11-10 19:34:49'),
(142, 47, 'Salvatore Veum III', 'Enim voluptatem in cumque eos. Sint et eum aliquid vitae qui incidunt et. Molestiae consequuntur quisquam est sunt labore rerum velit. Ducimus perspiciatis nostrum aut et quas.', 2, '2018-11-10 19:34:49', '2018-11-10 19:34:49'),
(143, 6, 'Mr. Trace Heaney', 'Labore illum et neque aut expedita error labore. Sit ducimus unde et et similique laudantium. Laboriosam corporis commodi officiis ut vel consequuntur.', 0, '2018-11-10 19:34:49', '2018-11-10 19:34:49'),
(144, 22, 'Leonor Cremin Sr.', 'Similique fuga tempora repudiandae autem non mollitia omnis. Odio harum placeat occaecati dolore. Ea alias ut ratione neque. Omnis nisi delectus quo at consectetur nihil doloremque debitis.', 5, '2018-11-10 19:34:49', '2018-11-10 19:34:49'),
(145, 21, 'Edythe DuBuque', 'Rem rem hic totam rerum libero qui soluta. Doloribus cumque cumque animi hic quisquam dolorum voluptatem fuga. Ab saepe neque impedit impedit vel tempora. Corrupti molestiae pariatur qui harum.', 4, '2018-11-10 19:34:49', '2018-11-10 19:34:49'),
(146, 25, 'Lawrence Weissnat', 'Qui eum ut excepturi fugit quidem recusandae. Voluptas beatae et earum dolore beatae et officiis ut. Voluptatem nesciunt beatae porro magni magni cumque. Alias voluptate consequatur ea ut alias optio.', 3, '2018-11-10 19:34:49', '2018-11-10 19:34:49'),
(147, 11, 'Marisa Frami', 'Esse provident porro iure consectetur. Maxime sit qui quia nulla. Impedit ducimus vel omnis dolores velit molestiae. Quis illum dicta accusantium blanditiis deserunt sapiente.', 4, '2018-11-10 19:34:49', '2018-11-10 19:34:49'),
(148, 20, 'Prof. Jadon Kovacek', 'Voluptatem aut culpa cupiditate ut ut voluptatem est est. Earum quam exercitationem illo possimus eos non quis. Est non repellendus rem omnis qui totam quos.', 0, '2018-11-10 19:34:49', '2018-11-10 19:34:49'),
(149, 48, 'June McDermott', 'Modi suscipit quod exercitationem quia ad velit temporibus. Sint consectetur reiciendis commodi quas beatae non. Laborum illum praesentium nihil nihil cumque placeat consequatur dicta.', 2, '2018-11-10 19:34:49', '2018-11-10 19:34:49'),
(150, 16, 'Monte Roberts III', 'Culpa harum et neque laboriosam magni est. Voluptate quam ab quo non tempore dicta numquam voluptates. Incidunt velit nam culpa tempore. Aliquam debitis voluptatem qui rem veritatis.', 5, '2018-11-10 19:34:49', '2018-11-10 19:34:49'),
(151, 13, 'Francis Ziemann', 'Eaque nam velit commodi saepe aut minima et. Odio ut est alias est. Alias blanditiis laudantium est accusantium.', 4, '2018-11-10 19:34:49', '2018-11-10 19:34:49'),
(152, 31, 'Riley Rogahn', 'Sint illo fugit eos repudiandae aut. Sit inventore aliquam molestiae illo doloribus ab aliquam. Culpa perspiciatis dicta consequuntur et reprehenderit suscipit illo.', 0, '2018-11-10 19:34:49', '2018-11-10 19:34:49'),
(153, 13, 'Kiana Gerhold', 'Natus voluptatibus animi sequi omnis dolore. Deleniti facere eos delectus deserunt. Animi quia quia quas dolor.', 0, '2018-11-10 19:34:49', '2018-11-10 19:34:49'),
(154, 23, 'Loma O\'Kon', 'Ut voluptas ipsam error consectetur officia aliquam. Quasi asperiores nostrum blanditiis vero est officiis. Et inventore veritatis aliquid aut et dolorem quaerat.', 2, '2018-11-10 19:34:49', '2018-11-10 19:34:49'),
(155, 36, 'Luisa Fadel DDS', 'Accusamus sed et commodi. Officiis tempora eum qui dolores repellendus sunt vero doloremque. Rem eveniet tempore vel iure quisquam amet reprehenderit. Repellendus nisi natus nulla repudiandae quia omnis. Est nesciunt dolor ut expedita explicabo ad.', 1, '2018-11-10 19:34:49', '2018-11-10 19:34:49'),
(156, 45, 'Alexane Zulauf', 'Porro minus et quisquam assumenda eum aut. Id eos sint recusandae quos in officiis voluptatibus. Ut sint delectus occaecati reprehenderit repudiandae. Et natus qui in dignissimos ad veniam est. Aliquid quos impedit omnis aut et.', 3, '2018-11-10 19:34:49', '2018-11-10 19:34:49'),
(157, 33, 'Aurelio McCullough', 'Cupiditate natus unde nemo dicta magni qui officia. Molestiae consequatur et quam nesciunt ea at perspiciatis. Libero quos laborum asperiores deleniti.', 2, '2018-11-10 19:34:49', '2018-11-10 19:34:49'),
(158, 37, 'Gertrude Keeling', 'Iure suscipit sapiente et ipsa. Sit autem tempora consequatur rem quos ipsa quis. Eum doloribus corrupti vero sunt.', 5, '2018-11-10 19:34:49', '2018-11-10 19:34:49'),
(159, 19, 'Ms. Dahlia Bashirian', 'Dolores tempore est asperiores similique voluptas in sint. Eius et quia modi consectetur molestias et. Voluptas odit voluptatem consequatur rem ut repellendus.', 0, '2018-11-10 19:34:49', '2018-11-10 19:34:49'),
(160, 18, 'Lenora Bogisich', 'Dolores ullam illo rerum et molestiae labore est. Distinctio id velit natus modi provident. Voluptatem assumenda mollitia maxime consequatur minus tenetur odio.', 1, '2018-11-10 19:34:49', '2018-11-10 19:34:49'),
(161, 48, 'Margot Brekke', 'Occaecati eaque iste ut dignissimos incidunt consequatur pariatur. Officia asperiores quos magnam molestiae dolor. Sapiente quia est est quae quae quaerat. Vitae sunt accusantium perferendis aspernatur accusantium et.', 5, '2018-11-10 19:34:49', '2018-11-10 19:34:49'),
(162, 14, 'Thora Donnelly', 'Sit omnis dolorem doloribus officia voluptates voluptatem. Nam nihil facere eum autem saepe ea. Qui incidunt dolor vero magni labore nostrum nobis.', 1, '2018-11-10 19:34:49', '2018-11-10 19:34:49'),
(163, 4, 'Kayley Bechtelar', 'Est eum eum dolor voluptatum sint aliquid. Quis quis rerum consectetur et ut a. Ipsa nulla ea saepe est aut dicta illo quam.', 1, '2018-11-10 19:34:49', '2018-11-10 19:34:49'),
(164, 39, 'Reagan Weber', 'Distinctio illo modi omnis corrupti et aut est repellat. Esse dolorum odio omnis numquam mollitia aut. Sed doloremque voluptatibus dolor dolore. Architecto sunt facilis quia est. Quos quis aliquid esse nemo.', 0, '2018-11-10 19:34:49', '2018-11-10 19:34:49'),
(165, 25, 'Zackary Moore', 'Facilis animi consequatur consectetur hic beatae dolorem. Tenetur nobis iure vero cumque sint pariatur. Iusto esse et ut similique porro in fugiat voluptas.', 2, '2018-11-10 19:34:49', '2018-11-10 19:34:49'),
(166, 47, 'Dr. Augusta Hills V', 'Pariatur itaque magnam laudantium perspiciatis nihil. Molestiae eum voluptatem enim numquam earum cum. Quo qui eum rerum iusto. Quo vero ipsa cum voluptas. Velit quidem enim et accusantium sit quibusdam voluptas.', 5, '2018-11-10 19:34:49', '2018-11-10 19:34:49'),
(167, 34, 'Jamie Terry', 'Quo ullam impedit aliquam corporis. Natus est et recusandae dolor.', 5, '2018-11-10 19:34:49', '2018-11-10 19:34:49'),
(168, 3, 'Dr. Myles Jaskolski', 'Earum quia quis nihil voluptatem laudantium. Assumenda harum maxime atque doloremque quis rem. Est nam aut dolor eligendi. Tenetur voluptatibus perspiciatis nihil ipsam cum et.', 5, '2018-11-10 19:34:49', '2018-11-10 19:34:49'),
(169, 37, 'Barbara Shields MD', 'Mollitia sint quidem ut veritatis. Est adipisci et qui est quas ea impedit. Esse tempore blanditiis saepe tenetur incidunt voluptate quos. Itaque consequatur natus placeat ad animi.', 4, '2018-11-10 19:34:49', '2018-11-10 19:34:49'),
(170, 10, 'Jennie Adams', 'Non sapiente perferendis ea assumenda quia nihil. Ullam cumque illo et.', 4, '2018-11-10 19:34:49', '2018-11-10 19:34:49'),
(171, 36, 'Miss Katrine Hegmann', 'Et molestiae quis mollitia labore enim expedita reiciendis. Doloribus iste dolor tempora laborum quae. Sit nobis accusamus iure nisi error provident aut. Sit sit accusamus asperiores minima omnis animi.', 1, '2018-11-10 19:34:49', '2018-11-10 19:34:49'),
(172, 25, 'Eliane Stanton', 'Minus accusantium dolores sit recusandae harum eum. Et unde et quia ea veritatis. Delectus impedit aut qui provident similique fuga illo optio. Minus aut ea dolor sed velit.', 2, '2018-11-10 19:34:49', '2018-11-10 19:34:49'),
(173, 33, 'Roel Bernhard', 'Minima consequatur quis dolore delectus voluptas optio. Repellat laboriosam libero amet officiis. Ut dolor et et non voluptate placeat.', 3, '2018-11-10 19:34:49', '2018-11-10 19:34:49'),
(174, 6, 'Gregg Kemmer', 'Occaecati et laboriosam aut dolorem. Ipsa est modi sunt laborum. Non ut eum non ab.', 3, '2018-11-10 19:34:49', '2018-11-10 19:34:49'),
(175, 16, 'Hipolito Yundt Jr.', 'Numquam quia suscipit et similique deserunt nihil. Praesentium qui tempore eaque aut sint commodi. Eius eum laborum ea accusantium iusto sed eveniet.', 2, '2018-11-10 19:34:49', '2018-11-10 19:34:49'),
(176, 5, 'Hillary Barton', 'Praesentium ab aut asperiores distinctio. Non porro officia et dolorem natus accusantium. Libero deleniti quasi deserunt error. Commodi fuga corrupti aperiam hic non. Et quia voluptates quam eligendi quia.', 2, '2018-11-10 19:34:49', '2018-11-10 19:34:49'),
(177, 42, 'Jewel Bode', 'Animi eligendi quos voluptatem dolorum. Et dolorem molestiae delectus autem. Beatae voluptas eligendi sunt vel repellendus fugiat. Ullam ad expedita quo atque. Iusto sit ipsam distinctio nisi.', 5, '2018-11-10 19:34:49', '2018-11-10 19:34:49'),
(178, 17, 'Madaline Brown', 'Dolor ut aut et. Eveniet est quasi aut temporibus enim. Dolore exercitationem possimus delectus. Sint nesciunt tempora vero consequatur natus aut. Sit assumenda ducimus placeat nemo ea eaque quia.', 2, '2018-11-10 19:34:49', '2018-11-10 19:34:49'),
(179, 17, 'Wyatt Corkery', 'Ipsa expedita ea placeat autem soluta. Nihil dolores magni corrupti et tenetur numquam reprehenderit. Est corrupti debitis est iure harum. Eos asperiores nihil consequatur suscipit suscipit.', 0, '2018-11-10 19:34:49', '2018-11-10 19:34:49'),
(180, 6, 'Mrs. Jakayla Gibson V', 'Vero quas dolor consectetur dolor eos et ea. Quia eius id aut aut autem. Repellat ipsa cupiditate et molestiae aut. Odit voluptate est quod ipsam.', 0, '2018-11-10 19:34:50', '2018-11-10 19:34:50'),
(181, 30, 'Dr. Gust Nolan', 'Quas aut aut rem laboriosam eos maiores. Quia nisi est illum qui quia officiis. Officiis doloremque tempora et harum cumque pariatur ut tempore.', 4, '2018-11-10 19:34:50', '2018-11-10 19:34:50'),
(182, 17, 'Oceane Rolfson', 'Ipsa explicabo delectus non nihil delectus et cupiditate. Voluptas esse ab ad eaque blanditiis sint eum. Dolorum vero eos aut non. Optio nobis natus magnam est nulla.', 5, '2018-11-10 19:34:50', '2018-11-10 19:34:50'),
(183, 8, 'Dr. Preston Graham', 'Debitis sit fugiat cumque quibusdam rerum. Quibusdam eos ut fugiat vitae velit ducimus. Eum et distinctio atque repellat aut explicabo sequi. Dolores quasi quia velit voluptatibus maxime officia id. Placeat dolor ipsa beatae corporis delectus.', 2, '2018-11-10 19:34:50', '2018-11-10 19:34:50'),
(184, 18, 'Prof. Bobby Lesch', 'Dolorem iste quaerat cumque accusantium eos quas vitae. Accusamus perferendis nisi maiores excepturi ea aspernatur.', 3, '2018-11-10 19:34:50', '2018-11-10 19:34:50'),
(185, 22, 'Pamela Wisoky', 'Dolore doloremque et modi fugiat molestiae sint officia. Est consectetur et qui rerum voluptatem corporis. Cupiditate voluptas et aut error et doloribus tempora. Aut eos sed tenetur quos magni quia.', 3, '2018-11-10 19:34:50', '2018-11-10 19:34:50'),
(186, 37, 'Sibyl Tromp', 'Et aut omnis deleniti fuga eius. Sit nulla vitae qui dignissimos dolor in libero. Perspiciatis quaerat qui velit. Ut aliquam a aut aut dolorum.', 1, '2018-11-10 19:34:50', '2018-11-10 19:34:50'),
(187, 30, 'Nakia Wilkinson', 'Quas reprehenderit autem quo at et dolores dicta. Qui laudantium ut eum dolorem quas ipsam esse. Odit et nulla aspernatur ad ut.', 5, '2018-11-10 19:34:50', '2018-11-10 19:34:50'),
(188, 23, 'Dr. Cordia Emard V', 'Delectus quos est perferendis quibusdam nihil. Provident rerum laudantium deserunt vel impedit est ut voluptatem. Delectus perferendis eos a esse expedita.', 5, '2018-11-10 19:34:50', '2018-11-10 19:34:50'),
(189, 30, 'Yasmine Lowe', 'Reprehenderit enim doloremque vitae quod ipsam. Quod vel hic vel quia vel. Saepe quis repellendus porro odit sit quia beatae.', 3, '2018-11-10 19:34:50', '2018-11-10 19:34:50'),
(190, 2, 'Kole Hill', 'Velit officiis nihil et maiores quisquam. Eius minus ea ut ea repudiandae quo. Natus a in unde dolores eum necessitatibus quisquam. Et qui possimus quo repudiandae in non eius.', 5, '2018-11-10 19:34:50', '2018-11-10 19:34:50'),
(191, 20, 'Kelli Hirthe DVM', 'Praesentium et quibusdam et qui dolores velit. Quia fugiat voluptatem et dolorem pariatur. Natus rerum et magni numquam laboriosam similique blanditiis.', 5, '2018-11-10 19:34:50', '2018-11-10 19:34:50'),
(192, 24, 'Janessa Larkin', 'Libero mollitia libero aut sunt voluptates tempore et. Temporibus et earum cumque. Et vel aspernatur ut minus est.', 1, '2018-11-10 19:34:50', '2018-11-10 19:34:50'),
(193, 48, 'Matilde Renner V', 'Adipisci quae perferendis omnis velit error. Placeat et natus suscipit nam est minima error ad.', 4, '2018-11-10 19:34:50', '2018-11-10 19:34:50'),
(194, 19, 'Dr. Mohammed McLaughlin', 'Quia alias pariatur iste necessitatibus quam laboriosam. Dolorem et eum ducimus. Voluptatem et dolores consequatur praesentium.', 4, '2018-11-10 19:34:50', '2018-11-10 19:34:50'),
(195, 45, 'Chadd Koepp', 'Qui at qui non voluptatem. Corrupti aliquid vero cum molestias. Asperiores officiis voluptatibus nihil hic cumque animi tempore. Libero aut tempore autem eligendi.', 5, '2018-11-10 19:34:50', '2018-11-10 19:34:50'),
(196, 6, 'Cornelius Jones', 'Est dolorem impedit aut natus. Esse officiis sed doloribus qui in iste similique expedita. Ut laboriosam accusantium consequatur autem. Et ex et ea quo nemo eveniet exercitationem enim.', 5, '2018-11-10 19:34:50', '2018-11-10 19:34:50'),
(197, 21, 'Dr. Sydney Strosin PhD', 'Omnis sit qui qui et quia quis. Ut perferendis reiciendis sunt illo. Ut temporibus recusandae et in laborum sed. Iste asperiores atque minus et dicta aut.', 1, '2018-11-10 19:34:50', '2018-11-10 19:34:50'),
(198, 48, 'Mrs. Isabelle Veum', 'Repellendus illum commodi dolor molestias. Ut laboriosam illo doloremque quod. Aut non laboriosam voluptatibus sed. Omnis iusto est dolore est ad explicabo provident.', 2, '2018-11-10 19:34:50', '2018-11-10 19:34:50'),
(199, 27, 'Nathanael Dickens', 'Ducimus eius voluptatibus atque asperiores consequatur dolores. Est at vitae ex officiis. Omnis aliquid in et placeat officia sint totam dolore.', 3, '2018-11-10 19:34:50', '2018-11-10 19:34:50'),
(200, 21, 'Minerva Dietrich', 'Atque et rerum fuga et dolores sit minus. Ad similique aut fugiat eaque.', 1, '2018-11-10 19:34:50', '2018-11-10 19:34:50'),
(201, 17, 'Domenica Herzog II', 'Quod officiis dolorem nihil. Sunt et necessitatibus non aut molestiae. Recusandae odit molestiae quam. Ut sunt tempore necessitatibus consequatur hic modi.', 3, '2018-11-10 19:34:50', '2018-11-10 19:34:50'),
(202, 36, 'Dr. Earl Fay', 'Et omnis omnis dolorem laudantium veniam. Inventore est consequatur odio explicabo autem quasi voluptatum. Soluta provident necessitatibus et repellat. Accusantium optio dolores voluptates est magni dicta sequi ea. Magnam deserunt eligendi neque.', 5, '2018-11-10 19:34:50', '2018-11-10 19:34:50'),
(203, 12, 'Mrs. Micaela Schuppe', 'Dolore aspernatur sunt corporis temporibus debitis minima. Aut officia totam ab excepturi. Suscipit voluptatem molestiae ipsam eaque.', 2, '2018-11-10 19:34:50', '2018-11-10 19:34:50'),
(204, 34, 'Ignatius Bogan Sr.', 'Non possimus ipsum ipsam eos. Suscipit veniam quo ut sequi saepe inventore suscipit. Inventore adipisci quidem et ut qui sunt. Quis doloribus voluptas eum occaecati necessitatibus ipsa.', 1, '2018-11-10 19:34:50', '2018-11-10 19:34:50'),
(205, 8, 'Dr. Marlin Lemke', 'Aut blanditiis aut quod fugiat alias quo. Neque quas expedita culpa vel sit et.', 4, '2018-11-10 19:34:50', '2018-11-10 19:34:50');
INSERT INTO `reviews` (`id`, `product_id`, `customer`, `review`, `star`, `created_at`, `updated_at`) VALUES
(206, 33, 'Dr. Eusebio Bednar PhD', 'Et laborum est optio est illo. Ut est id sed et. Est sapiente error sint. Consequatur qui vel voluptatibus sunt debitis. Tenetur nam assumenda deserunt dolore sed nulla ea quidem.', 1, '2018-11-10 19:34:50', '2018-11-10 19:34:50'),
(207, 2, 'Henderson Runolfsson', 'Corporis asperiores est earum explicabo. Similique aspernatur doloremque aut similique est. Magni deleniti quidem sapiente inventore in itaque inventore.', 0, '2018-11-10 19:34:50', '2018-11-10 19:34:50'),
(208, 43, 'Dena Mills', 'Et iure pariatur hic sint corporis. Error autem eaque tenetur nihil eos. Itaque cumque et autem aut modi impedit. Beatae provident et accusantium pariatur architecto delectus esse doloremque.', 4, '2018-11-10 19:34:50', '2018-11-10 19:34:50'),
(209, 14, 'Prof. Ronaldo Marks', 'Vel numquam aliquam rem aut. Voluptas ipsum sed error quia officia esse ab soluta. Et consequatur itaque eos officia velit. Nisi aperiam sit voluptas.', 4, '2018-11-10 19:34:50', '2018-11-10 19:34:50'),
(210, 25, 'Meta Lang', 'Ut aliquam iure corporis illo voluptate. Quam consequatur quia id odit atque magni in. Quo aspernatur quia labore.', 3, '2018-11-10 19:34:50', '2018-11-10 19:34:50'),
(211, 33, 'Dillon Kessler', 'Consequuntur explicabo ducimus nesciunt magnam. Quos libero ducimus eum facilis. Qui est illo saepe aut et. Suscipit impedit qui modi nisi necessitatibus.', 1, '2018-11-10 19:34:50', '2018-11-10 19:34:50'),
(212, 19, 'Sydnie Fay DVM', 'Totam ut blanditiis velit est aut ea ipsa. Temporibus impedit praesentium in. Necessitatibus voluptas optio tenetur omnis qui voluptatibus qui exercitationem. Magni accusamus omnis veniam aut ipsum quis.', 0, '2018-11-10 19:34:51', '2018-11-10 19:34:51'),
(213, 42, 'Dina Emmerich', 'Rerum ducimus ea omnis voluptatum et iure. Atque sed nostrum ut quaerat placeat ex sed. Placeat in dolor officia hic.', 5, '2018-11-10 19:34:51', '2018-11-10 19:34:51'),
(214, 16, 'Mr. Humberto Hettinger', 'Aspernatur quo occaecati et neque non. Assumenda quo cumque aliquid blanditiis. Et in vitae consectetur.', 4, '2018-11-10 19:34:51', '2018-11-10 19:34:51'),
(215, 31, 'Dr. Kennedi Wiegand', 'Omnis quia sed doloremque in. Porro voluptate eaque qui architecto eveniet. Unde cumque quo quam alias beatae iusto quibusdam eveniet. Omnis et quia inventore nulla quo.', 5, '2018-11-10 19:34:51', '2018-11-10 19:34:51'),
(216, 44, 'Dr. Clement Walsh MD', 'Illo repudiandae ab et dicta architecto. Aspernatur doloribus aut aperiam aperiam aut tempora. Voluptatem ut et in voluptas suscipit vero alias aperiam. Dolor rerum qui modi aut explicabo.', 5, '2018-11-10 19:34:51', '2018-11-10 19:34:51'),
(217, 23, 'Aylin Schuppe', 'Natus voluptatem non magnam maxime alias modi. Et minus aperiam est eaque sequi. Labore adipisci dolorum doloremque voluptatum. Autem nostrum voluptatibus fugiat possimus saepe voluptatem.', 4, '2018-11-10 19:34:51', '2018-11-10 19:34:51'),
(218, 15, 'Prof. Domenick Dibbert', 'Velit cupiditate in nulla modi aliquam consequuntur. Qui et voluptas dicta quo. Earum at laudantium omnis dolores est. Sit est distinctio ullam fugiat.', 3, '2018-11-10 19:34:51', '2018-11-10 19:34:51'),
(219, 16, 'Jolie Miller', 'Veritatis aut vel quos reprehenderit dolor quas. Enim aut praesentium hic mollitia quas quia molestiae qui. Minima esse aut veritatis aut maxime atque nihil. Aut voluptas est consequuntur nemo non.', 3, '2018-11-10 19:34:51', '2018-11-10 19:34:51'),
(220, 17, 'Dr. Jennie Fritsch II', 'Ab at aut officia sunt iusto. Reiciendis aspernatur vel culpa eligendi molestias. Eos nemo perspiciatis saepe.', 5, '2018-11-10 19:34:51', '2018-11-10 19:34:51'),
(221, 30, 'Bonita Hyatt', 'Omnis voluptatem distinctio modi minus perspiciatis. Sit voluptatem et perferendis earum eos. Illum id suscipit veniam natus sed consequuntur sint.', 2, '2018-11-10 19:34:51', '2018-11-10 19:34:51'),
(222, 11, 'Elenor Eichmann', 'Accusantium et suscipit qui veritatis distinctio. Soluta hic enim ut mollitia minus quae ab. Veritatis doloribus suscipit ea nesciunt.', 1, '2018-11-10 19:34:51', '2018-11-10 19:34:51'),
(223, 41, 'Coby Gutmann', 'Aut rerum nobis sequi impedit. Adipisci nisi vel eius iure non reprehenderit. Nam atque laboriosam ullam doloribus. Tempora et occaecati vitae vero ipsa vitae et saepe.', 0, '2018-11-10 19:34:51', '2018-11-10 19:34:51'),
(224, 7, 'Blake Jacobs', 'Laborum sint tenetur vero molestias voluptas animi. Id deserunt autem ut aut. Repudiandae rerum officia aliquam ipsam et dolore eius.', 3, '2018-11-10 19:34:51', '2018-11-10 19:34:51'),
(225, 30, 'Adalberto Stroman', 'Qui corrupti natus sequi est ipsam doloribus beatae doloremque. Atque sapiente illo ad at. Non eos consequatur voluptas quis.', 3, '2018-11-10 19:34:51', '2018-11-10 19:34:51'),
(226, 6, 'Ulices Kautzer', 'In velit minus vel rem tenetur facilis aut. Doloremque odio molestiae consequatur quia ut. Enim aperiam quo voluptatem qui fugiat sed et voluptas.', 3, '2018-11-10 19:34:51', '2018-11-10 19:34:51'),
(227, 29, 'Ignacio Kassulke', 'Ab cupiditate qui necessitatibus delectus nesciunt esse hic. Quia in aliquam illo ut tempore. Expedita qui est quo corporis aut sequi.', 0, '2018-11-10 19:34:51', '2018-11-10 19:34:51'),
(228, 5, 'Isac Schroeder', 'Dolore cum explicabo aliquam qui similique nam. Et eaque omnis voluptatum ipsum. Expedita nesciunt repellat qui repellat voluptas commodi. Molestiae sed harum optio assumenda maiores.', 3, '2018-11-10 19:34:51', '2018-11-10 19:34:51'),
(229, 12, 'Mr. Jared Boyle III', 'Inventore vero saepe quos. Numquam quia reiciendis amet provident sit et vel. Ex amet consequatur ab. Sequi aut exercitationem nihil voluptates error distinctio.', 4, '2018-11-10 19:34:51', '2018-11-10 19:34:51'),
(230, 8, 'Dr. Kailee Ritchie IV', 'Est est et est dolore veritatis necessitatibus amet. Cum neque in accusamus velit fugit beatae. Eum sit dolores et at cumque.', 0, '2018-11-10 19:34:51', '2018-11-10 19:34:51'),
(231, 15, 'Randall McClure', 'Ipsum in omnis omnis omnis quo rerum consectetur. Tempora illum voluptatem nihil sint. Qui deserunt quo modi voluptatem. Aut consequatur et aspernatur numquam veritatis vel.', 2, '2018-11-10 19:34:51', '2018-11-10 19:34:51'),
(232, 37, 'Brant Bailey', 'Nihil odio et odio assumenda hic voluptatem. Totam voluptatem sit natus reprehenderit odio sapiente ratione. Magnam soluta mollitia impedit.', 1, '2018-11-10 19:34:51', '2018-11-10 19:34:51'),
(233, 25, 'Virginia Bergstrom', 'Quia in accusantium ullam id corrupti dicta fugiat. Nihil aut ipsam fugit qui sint. Ab blanditiis et nihil doloremque repudiandae eius provident. Labore et natus voluptatibus consequuntur eveniet porro et unde.', 5, '2018-11-10 19:34:51', '2018-11-10 19:34:51'),
(234, 47, 'Sarah Zboncak', 'Illo aut est quae. Aspernatur recusandae incidunt esse. Expedita mollitia recusandae minima nobis soluta laborum. In maiores id et voluptatibus vero provident sapiente.', 4, '2018-11-10 19:34:51', '2018-11-10 19:34:51'),
(235, 38, 'Darlene Huel', 'Minima quis debitis eum. Deleniti non dolorem laudantium optio voluptatem laudantium ipsam. Iusto facilis aperiam quam non nesciunt in. Dolorum nihil fuga praesentium voluptates incidunt impedit.', 3, '2018-11-10 19:34:51', '2018-11-10 19:34:51'),
(236, 12, 'Margaretta Morar', 'Expedita saepe omnis libero est. Ut saepe in pariatur enim sit sunt doloremque. Blanditiis enim enim voluptas omnis et perferendis. Quo omnis qui enim libero.', 2, '2018-11-10 19:34:51', '2018-11-10 19:34:51'),
(237, 38, 'Tara Cassin', 'Exercitationem quisquam cumque adipisci consequuntur. Nisi facere ut vel fugit exercitationem sed qui. Dignissimos quo voluptatem velit. Maiores consequuntur dolorum ut et quibusdam. Quam qui cupiditate molestiae suscipit vitae quam est magnam.', 0, '2018-11-10 19:34:51', '2018-11-10 19:34:51'),
(238, 3, 'Terrence Yundt', 'Commodi alias nihil dolor totam rerum explicabo quam. Reprehenderit est eos eius id. Aliquid ipsam earum reprehenderit ducimus non voluptatibus ab. Reiciendis voluptatem id molestiae cum laborum odit.', 2, '2018-11-10 19:34:51', '2018-11-10 19:34:51'),
(239, 19, 'Mr. Theodore Mayert', 'Magni quisquam sed ut asperiores. Ullam eius fuga et vel optio ad. Qui eum et suscipit consequatur temporibus sed debitis.', 2, '2018-11-10 19:34:51', '2018-11-10 19:34:51'),
(240, 1, 'Jayne Price', 'Sint magnam odit ex distinctio commodi. Id ducimus eos sint.', 5, '2018-11-10 19:34:51', '2018-11-10 19:34:51'),
(241, 26, 'Miss Nakia Green DVM', 'Placeat porro nihil quis et perferendis tempore. Non autem corporis eum deleniti.', 4, '2018-11-10 19:34:51', '2018-11-10 19:34:51'),
(242, 29, 'Mr. Julius Schmitt Sr.', 'Quisquam amet et molestias harum. Unde est nemo exercitationem. Ut autem maxime sint ex. Debitis soluta totam eius commodi provident est.', 3, '2018-11-10 19:34:51', '2018-11-10 19:34:51'),
(243, 33, 'Uriel Ondricka', 'Veniam assumenda quo necessitatibus inventore non voluptas. Molestiae libero et molestias non. Consequuntur non quod id et vero adipisci fuga. Quidem aspernatur repellendus deserunt rerum.', 1, '2018-11-10 19:34:51', '2018-11-10 19:34:51'),
(244, 28, 'Jensen Nikolaus Sr.', 'Officiis voluptatibus enim error. Hic consequatur aperiam iure libero commodi.', 2, '2018-11-10 19:34:51', '2018-11-10 19:34:51'),
(245, 39, 'Jolie Friesen', 'Rerum corporis repellendus sapiente sit modi natus. Vero quia expedita rerum tenetur rerum et. Eligendi asperiores deserunt alias. Sequi perferendis ea sunt ab. Eos in quia alias totam.', 4, '2018-11-10 19:34:51', '2018-11-10 19:34:51'),
(246, 18, 'Dr. Milo Schuppe', 'Omnis officiis similique consectetur ut ut maiores et. Vitae et alias itaque commodi quia corrupti ipsum. Voluptas mollitia voluptatibus similique libero quaerat rerum.', 3, '2018-11-10 19:34:51', '2018-11-10 19:34:51'),
(247, 34, 'Omari Koch', 'Similique natus sit quasi sunt libero error. Ut eveniet voluptatem ducimus quasi in. Odio est fugit quas voluptatibus quia. Corrupti itaque qui molestiae consequatur. Doloribus voluptates minima similique magnam esse odit assumenda velit.', 3, '2018-11-10 19:34:51', '2018-11-10 19:34:51'),
(248, 28, 'Mossie Schinner', 'Sit vel magnam recusandae atque voluptatem perspiciatis minus laboriosam. Sunt aut minus iste eveniet ab sed.', 0, '2018-11-10 19:34:51', '2018-11-10 19:34:51'),
(249, 23, 'Efren Zemlak', 'Repellendus odio earum expedita repellat voluptates ullam in. Fugiat modi corrupti harum quia adipisci. Est reiciendis et sint. Odit molestiae aut occaecati esse vel nihil reiciendis. Veniam illo possimus recusandae illo officia.', 4, '2018-11-10 19:34:51', '2018-11-10 19:34:51'),
(250, 3, 'Dr. Delaney Mante', 'Similique voluptatum iusto similique soluta facere velit cumque. Dolorum ad pariatur eius dolorem quia. Dolorum culpa aut aliquid sunt molestias laudantium quo. Unde aut debitis aut asperiores totam sequi vero in.', 2, '2018-11-10 19:34:51', '2018-11-10 19:34:51'),
(251, 42, 'Americo Daugherty', 'Accusamus rerum est consequuntur voluptates rerum. Perspiciatis rerum qui et tenetur quia tenetur saepe harum. Quia minima numquam sint voluptatem quia in dicta officia. Illum velit quo dicta et. Perferendis magni odit maxime vitae quos.', 4, '2018-11-10 19:34:51', '2018-11-10 19:34:51'),
(252, 9, 'Miss Fiona Roberts', 'Distinctio et doloremque ut vel et eos ut. Cumque nam magni suscipit blanditiis.', 3, '2018-11-10 19:34:52', '2018-11-10 19:34:52'),
(253, 7, 'Webster O\'Hara', 'Sapiente enim possimus omnis saepe consequatur eligendi corporis. Laboriosam facilis quidem doloremque maiores. Animi veritatis quis ullam excepturi.', 0, '2018-11-10 19:34:52', '2018-11-10 19:34:52'),
(254, 29, 'Ricky Mitchell', 'Laborum laboriosam quisquam aspernatur dolore. Quia quaerat nemo iure necessitatibus. Voluptas quia est molestias id iste aliquam ad hic.', 3, '2018-11-10 19:34:52', '2018-11-10 19:34:52'),
(255, 39, 'Joelle Bogisich', 'Magnam non doloribus placeat velit. Dolor praesentium voluptas voluptatum excepturi. Deleniti et molestias nam quo.', 4, '2018-11-10 19:34:52', '2018-11-10 19:34:52'),
(256, 42, 'Henriette Will', 'Fuga nemo deleniti magni culpa consequatur. Odit sunt iste itaque praesentium aut. Sint eius reiciendis et aspernatur explicabo corporis tenetur. Ratione molestiae ea facilis modi culpa occaecati sit.', 1, '2018-11-10 19:34:52', '2018-11-10 19:34:52'),
(257, 3, 'Jaiden Purdy', 'Adipisci ratione cum et perspiciatis. Molestiae eaque consequatur cupiditate non omnis. Amet sit ea molestiae exercitationem. Sit sapiente dicta est molestiae velit est vitae.', 0, '2018-11-10 19:34:52', '2018-11-10 19:34:52'),
(258, 15, 'Litzy Fadel', 'Doloribus assumenda unde fuga quia enim aspernatur. Nemo eos nostrum ut. Dicta cumque tempora dolore aut dolores dolorem rerum. Maiores tempore nemo et ex culpa.', 0, '2018-11-10 19:34:52', '2018-11-10 19:34:52'),
(259, 28, 'Turner Jaskolski III', 'Voluptas soluta quae perferendis voluptatem quae odit distinctio. Libero reprehenderit consequatur aliquam autem pariatur tenetur consequatur. Dolorum molestiae quibusdam ducimus voluptas.', 0, '2018-11-10 19:34:52', '2018-11-10 19:34:52'),
(260, 35, 'Katheryn Corwin', 'Repellendus qui ut qui. Et sit error rerum quas vel qui et. Eum minus quia ut dolor.', 5, '2018-11-10 19:34:52', '2018-11-10 19:34:52'),
(261, 50, 'Mozell Kris', 'Odit aut eum officiis consequatur quod. Dignissimos repellat error nesciunt ea maxime quia et quos. Eligendi quia autem itaque sint.', 4, '2018-11-10 19:34:52', '2018-11-10 19:34:52'),
(262, 23, 'Prof. Kody VonRueden DDS', 'Non labore quas consequatur. Sit incidunt incidunt similique at minima voluptatum. Quod debitis quia mollitia earum consequatur non. Sint voluptatem nulla quisquam et dolores.', 2, '2018-11-10 19:34:52', '2018-11-10 19:34:52'),
(263, 1, 'Edwardo Baumbach', 'Deserunt eos dolor id sed. Nisi molestiae perferendis unde. Voluptatem ipsum dolorem commodi corrupti. Et ut aliquid sapiente.', 2, '2018-11-10 19:34:52', '2018-11-10 19:34:52'),
(264, 25, 'Eulalia Funk', 'Impedit et voluptatibus omnis ea consequuntur quibusdam. Exercitationem aut incidunt voluptatem sunt totam velit qui. Aut aliquam dolore dicta accusantium officia odio.', 1, '2018-11-10 19:34:52', '2018-11-10 19:34:52'),
(265, 2, 'Elwyn DuBuque', 'Eligendi non dignissimos animi tenetur. Sequi aut hic sint sapiente iste. Iure necessitatibus ex reiciendis doloribus. Tempora ipsam rem expedita atque rem ipsam blanditiis.', 4, '2018-11-10 19:34:52', '2018-11-10 19:34:52'),
(266, 15, 'Bo Homenick', 'Placeat et deserunt reprehenderit accusantium quia. Dolores ducimus eos debitis et ut eligendi debitis dolores. Et dolorem et impedit est.', 1, '2018-11-10 19:34:52', '2018-11-10 19:34:52'),
(267, 23, 'Aglae Borer', 'Quia tempora qui odio sunt sunt. Enim et consequatur ab dolorem dolorum dolores quidem mollitia. Et expedita expedita non culpa recusandae et.', 5, '2018-11-10 19:34:52', '2018-11-10 19:34:52'),
(268, 23, 'Helmer Abshire', 'Eius asperiores ex ea repudiandae rerum rerum laborum. Autem sit sapiente similique modi sed recusandae.', 5, '2018-11-10 19:34:52', '2018-11-10 19:34:52'),
(269, 41, 'Blaze Morissette', 'Asperiores blanditiis atque rerum ipsum eos et recusandae. Aut autem distinctio qui voluptatem numquam voluptatem. Perferendis molestiae consequuntur dolorum voluptas tempora. Ipsa error suscipit optio magnam et sit et.', 5, '2018-11-10 19:34:52', '2018-11-10 19:34:52'),
(270, 34, 'Trever Macejkovic', 'Illo autem et unde incidunt omnis autem aut. Facilis exercitationem molestiae dicta laborum esse est. Voluptas aut sit qui voluptatem est enim. Consequatur harum enim nisi perferendis est.', 2, '2018-11-10 19:34:52', '2018-11-10 19:34:52'),
(271, 8, 'Kobe Kreiger', 'Aspernatur animi voluptates eaque numquam delectus. Quia error incidunt sequi laborum omnis dolor. Odio porro amet quia accusamus quisquam omnis odio. Distinctio veniam et soluta iure.', 2, '2018-11-10 19:34:52', '2018-11-10 19:34:52'),
(272, 49, 'Jerry Waelchi II', 'Veritatis amet maiores possimus itaque et error sunt. Minima iste ut iusto eaque. Iste non molestias maxime fuga molestiae perferendis tempore.', 2, '2018-11-10 19:34:52', '2018-11-10 19:34:52'),
(273, 41, 'Ms. Germaine Emard', 'Omnis hic possimus exercitationem excepturi. Rerum suscipit enim quo.', 2, '2018-11-10 19:34:52', '2018-11-10 19:34:52'),
(274, 42, 'Alvah Rippin', 'Maxime sit laudantium et vel labore illo. Reprehenderit aut et sit ut. Nisi ducimus voluptatem labore eveniet eos quae.', 5, '2018-11-10 19:34:52', '2018-11-10 19:34:52'),
(275, 16, 'Queenie Schuster III', 'Quia velit magnam nisi et consectetur in vel. Officia qui rerum iste ut ut necessitatibus. Architecto eius voluptates aut nam velit explicabo ut maxime.', 4, '2018-11-10 19:34:52', '2018-11-10 19:34:52'),
(276, 30, 'Savannah Effertz', 'Animi vitae aut eos voluptatum repudiandae aut sed. Nihil dolores molestiae vel natus ad. Optio suscipit qui vitae distinctio a.', 3, '2018-11-10 19:34:52', '2018-11-10 19:34:52'),
(277, 29, 'Dr. Myrna Purdy Sr.', 'Consectetur voluptatibus reiciendis in cumque suscipit. Dolor beatae minus nihil occaecati.', 3, '2018-11-10 19:34:52', '2018-11-10 19:34:52'),
(278, 23, 'Stefan McKenzie', 'Consequatur minima provident ipsum non quae. Velit placeat et odit ullam recusandae veritatis.', 3, '2018-11-10 19:34:52', '2018-11-10 19:34:52'),
(279, 17, 'Prof. Marcel Rogahn', 'Nostrum nesciunt eaque neque voluptatem natus. Vel vel aperiam et sequi fugit aut suscipit. Praesentium ut et neque eos et quam. Sunt nesciunt voluptatibus sed omnis earum voluptatem ea iste. Commodi et corporis voluptatibus modi nostrum.', 1, '2018-11-10 19:34:52', '2018-11-10 19:34:52'),
(280, 8, 'Mrs. Shannon Volkman I', 'Consequatur quia dignissimos ullam expedita voluptas temporibus. Est ut recusandae voluptatem. Sapiente iure voluptatem et est nostrum.', 0, '2018-11-10 19:34:52', '2018-11-10 19:34:52'),
(281, 12, 'Prof. Matilde Balistreri III', 'Dolores saepe id itaque unde. Voluptas placeat qui sed omnis placeat quod. Nesciunt nam voluptatibus tenetur molestias animi id. Voluptatem impedit ab sunt laborum non provident.', 2, '2018-11-10 19:34:52', '2018-11-10 19:34:52'),
(282, 46, 'Isabella O\'Conner', 'Repudiandae quia nesciunt id ipsum quia quod consequatur. Natus maiores distinctio omnis repellendus iusto assumenda culpa. Dignissimos officiis sed ut numquam dolorum ut expedita aliquam. Dolore dolor est ea dignissimos deserunt cumque eius.', 0, '2018-11-10 19:34:52', '2018-11-10 19:34:52'),
(283, 45, 'Eloise Nader', 'Reprehenderit pariatur veniam eum autem. A animi veritatis excepturi delectus eos voluptatem. Dolorem distinctio quibusdam omnis omnis nesciunt sint optio est.', 1, '2018-11-10 19:34:52', '2018-11-10 19:34:52'),
(284, 20, 'Lucio Willms', 'Doloremque illo quidem sint dicta a cum. Distinctio corporis debitis placeat eaque iure repudiandae. Excepturi blanditiis autem ab ipsa ab.', 4, '2018-11-10 19:34:52', '2018-11-10 19:34:52'),
(285, 21, 'Izabella Crona MD', 'Fuga vel quia delectus placeat. Ab assumenda ab dignissimos rerum iure est iure. Aliquid ratione provident accusantium architecto. Qui nisi sapiente saepe maxime non sint in. Nesciunt deserunt asperiores sint dolores eos.', 3, '2018-11-10 19:34:52', '2018-11-10 19:34:52'),
(286, 11, 'Dr. Michele Eichmann IV', 'Minima et a provident quas qui aspernatur. Dolorem consequuntur qui dolores adipisci. Praesentium est quo qui dolor vitae et ea. Quia minima provident nemo dolores aut ut.', 4, '2018-11-10 19:34:52', '2018-11-10 19:34:52'),
(287, 37, 'Lew Grimes', 'Repellat ab aut ea consequatur. Laudantium qui ut porro dolores quia facere. Rerum ipsum impedit ut veritatis in itaque.', 1, '2018-11-10 19:34:52', '2018-11-10 19:34:52'),
(288, 18, 'Dedric Miller', 'Atque repellat dicta qui porro. Fugiat qui ut tenetur voluptatum debitis. Et veritatis fugiat corrupti veniam vero quaerat et laboriosam. Iusto neque sit temporibus omnis et aliquam.', 2, '2018-11-10 19:34:52', '2018-11-10 19:34:52'),
(289, 18, 'Mr. Gennaro Schowalter', 'Sed reiciendis velit pariatur omnis cum enim ut incidunt. Iste necessitatibus accusantium rerum aut et veritatis eum. Enim earum sapiente ipsam et.', 2, '2018-11-10 19:34:52', '2018-11-10 19:34:52'),
(290, 15, 'Mervin Dicki', 'Exercitationem totam sint odio totam qui quibusdam. Qui atque consequatur et omnis et dolor et. Quo distinctio eius sequi necessitatibus accusantium blanditiis. Quae veritatis similique velit nesciunt harum quis magni.', 2, '2018-11-10 19:34:52', '2018-11-10 19:34:52'),
(291, 13, 'Rigoberto Pfannerstill', 'Architecto autem ipsa voluptas mollitia. Mollitia cumque accusantium perspiciatis eum id quidem accusamus debitis. Qui nesciunt quas vel. Animi molestiae quidem impedit quo et et. Qui pariatur sit quas incidunt eum.', 2, '2018-11-10 19:34:52', '2018-11-10 19:34:52'),
(292, 37, 'Mrs. Sincere Paucek', 'Ea consequatur possimus dolorum qui. Occaecati odio est voluptatem at quae voluptas. Non enim sit atque. Id magni est alias expedita.', 1, '2018-11-10 19:34:52', '2018-11-10 19:34:52'),
(293, 30, 'Tre Johnson', 'Ipsum voluptatem saepe sit mollitia itaque ut at. Et ipsa qui dicta dolor.', 0, '2018-11-10 19:34:53', '2018-11-10 19:34:53'),
(294, 44, 'Prof. Mavis Gislason MD', 'Harum velit quod aut est sunt. Atque autem occaecati alias ipsam. Maiores sunt enim cumque molestias.', 0, '2018-11-10 19:34:53', '2018-11-10 19:34:53'),
(295, 25, 'Earl Feil', 'Repellendus est at veritatis nobis sit consequatur. Minima assumenda perferendis dolores blanditiis. Tempore architecto quam magnam. Nihil quod velit aut ut.', 5, '2018-11-10 19:34:53', '2018-11-10 19:34:53'),
(296, 26, 'Mrs. Marjory Bogisich Jr.', 'Cupiditate atque corporis consequatur explicabo voluptatem expedita similique ex. Sunt ut sint omnis illum. Asperiores veritatis tempora consequatur repudiandae. Aut rem totam excepturi quasi officiis quia.', 3, '2018-11-10 19:34:53', '2018-11-10 19:34:53'),
(297, 35, 'David Von', 'Omnis quia error recusandae doloribus qui quam iste sint. Similique ut illo suscipit voluptates nisi ipsa vel. Quia accusamus similique possimus aliquam quisquam iste quis.', 5, '2018-11-10 19:34:53', '2018-11-10 19:34:53'),
(298, 31, 'Dr. Orville Nienow II', 'Exercitationem ad quam modi fuga. Iure eum quia enim dolores aut itaque atque. Doloribus optio qui eaque aut quia quis.', 0, '2018-11-10 19:34:53', '2018-11-10 19:34:53'),
(299, 33, 'Dr. Ephraim Bayer Sr.', 'Eos dolore laudantium corporis repellat. Sint veritatis unde maxime eos dolor neque consequatur. Laborum aspernatur et ullam qui labore cumque. Distinctio adipisci quis voluptatibus vel.', 4, '2018-11-10 19:34:53', '2018-11-10 19:34:53'),
(300, 22, 'Reagan Walker', 'Cupiditate suscipit voluptates et vel at. Itaque excepturi sed debitis quibusdam. In dolor nam recusandae repudiandae eveniet vero.', 0, '2018-11-10 19:34:53', '2018-11-10 19:34:53');

-- --------------------------------------------------------

--
-- Table structure for table `users`
--

CREATE TABLE `users` (
  `id` int(10) UNSIGNED NOT NULL,
  `name` varchar(191) COLLATE utf8mb4_unicode_ci NOT NULL,
  `email` varchar(191) COLLATE utf8mb4_unicode_ci NOT NULL,
  `email_verified_at` timestamp NULL DEFAULT NULL,
  `password` varchar(191) COLLATE utf8mb4_unicode_ci NOT NULL,
  `remember_token` varchar(100) COLLATE utf8mb4_unicode_ci DEFAULT NULL,
  `created_at` timestamp NULL DEFAULT NULL,
  `updated_at` timestamp NULL DEFAULT NULL
) ENGINE=InnoDB DEFAULT CHARSET=utf8mb4 COLLATE=utf8mb4_unicode_ci;

--
-- Indexes for dumped tables
--

--
-- Indexes for table `migrations`
--
ALTER TABLE `migrations`
  ADD PRIMARY KEY (`id`);

--
-- Indexes for table `password_resets`
--
ALTER TABLE `password_resets`
  ADD KEY `password_resets_email_index` (`email`);

--
-- Indexes for table `products`
--
ALTER TABLE `products`
  ADD PRIMARY KEY (`id`);

--
-- Indexes for table `reviews`
--
ALTER TABLE `reviews`
  ADD PRIMARY KEY (`id`),
  ADD KEY `reviews_product_id_index` (`product_id`);

--
-- Indexes for table `users`
--
ALTER TABLE `users`
  ADD PRIMARY KEY (`id`),
  ADD UNIQUE KEY `users_email_unique` (`email`);

--
-- AUTO_INCREMENT for dumped tables
--

--
-- AUTO_INCREMENT for table `migrations`
--
ALTER TABLE `migrations`
  MODIFY `id` int(10) UNSIGNED NOT NULL AUTO_INCREMENT, AUTO_INCREMENT=5;

--
-- AUTO_INCREMENT for table `products`
--
ALTER TABLE `products`
  MODIFY `id` int(10) UNSIGNED NOT NULL AUTO_INCREMENT, AUTO_INCREMENT=51;

--
-- AUTO_INCREMENT for table `reviews`
--
ALTER TABLE `reviews`
  MODIFY `id` int(10) UNSIGNED NOT NULL AUTO_INCREMENT, AUTO_INCREMENT=301;

--
-- AUTO_INCREMENT for table `users`
--
ALTER TABLE `users`
  MODIFY `id` int(10) UNSIGNED NOT NULL AUTO_INCREMENT;

--
-- Constraints for dumped tables
--

--
-- Constraints for table `reviews`
--
ALTER TABLE `reviews`
  ADD CONSTRAINT `reviews_product_id_foreign` FOREIGN KEY (`product_id`) REFERENCES `products` (`id`) ON DELETE CASCADE;
COMMIT;

/*!40101 SET CHARACTER_SET_CLIENT=@OLD_CHARACTER_SET_CLIENT */;
/*!40101 SET CHARACTER_SET_RESULTS=@OLD_CHARACTER_SET_RESULTS */;
/*!40101 SET COLLATION_CONNECTION=@OLD_COLLATION_CONNECTION */;
